account_id,account_name,industry,country,signup_date,referral_source,plan_tier,seats,is_trial,churn_flag,max_mrr,mean_mrr,total_seats_sub,sub_count,ever_upgraded,ever_downgraded,auto_renew,billing_frequency,plan_tier_sub,ticket_count,mean_resolution_hrs,mean_first_response,mean_satisfaction,escalation_count,total_usage_count,total_usage_duration,total_errors,distinct_features,beta_feature_usage,churn_event_count,total_refund,ever_reactivated,preceding_downgrade,preceding_upgrade,most_recent_reason,has_satisfaction_score
A-2e4581,Company_0,EdTech,US,2024-10-16,partner,Basic,9,0,0,5771,1260.3,102,10,1,0,1,monthly,Enterprise,2.0,23.0,91.0,3.0,0.0,535,152339,38,8,4,2.0,0.0,False,0.0,True,competitor,1
A-43a9e3,Company_1,FinTech,IN,2023-08-17,other,Basic,18,0,0,5572,1250.5,28,8,1,0,1,annual,Pro,3.0,38.0,73.33333333333333,4.0,0.0,355,101136,14,8,2,0.0,0.0,Unknown,0.0,Unknown,unknown,1
A-0a282f,Company_2,DevTools,US,2024-08-27,organic,Basic,1,0,0,5771,1219.0666666666666,60,15,1,1,1,annual,Pro,3.0,43.666666666666664,63.666666666666664,4.666666666666667,0.0,821,251210,48,10,5,2.0,62.66,False,0.0,False,support,1
A-1f0ac7,Company_3,HealthTech,UK,2023-08-27,other,Basic,24,1,1,4776,1325.0,47,7,1,0,1,monthly,Basic,2.0,29.0,174.0,4.0,0.0,382,102528,21,12,5,1.0,0.0,False,0.0,True,support,0
A-ce550d,Company_4,HealthTech,US,2024-10-27,event,Enterprise,35,0,0,21691,5417.888888888889,109,9,1,0,1,annual,Pro,7.0,42.285714285714285,107.85714285714286,3.8,1.0,579,215779,31,9,4,1.0,0.0,False,0.0,True,budget,1
A-1b9609,Company_5,EdTech,IN,2023-10-12,ads,Enterprise,4,0,1,6965,1528.1818181818182,49,11,0,0,1,monthly,Basic,4.0,43.0,74.75,3.0,0.0,457,140541,21,6,6,3.0,0.0,False,0.0,True,unknown,1
A-a0ca4e,Company_6,Cybersecurity,US,2024-03-08,ads,Pro,11,0,1,5174,1848.111111111111,49,9,0,0,1,annual,Pro,6.0,39.166666666666664,89.83333333333333,3.8,3.0,373,116964,14,7,3,0.0,0.0,Unknown,0.0,Unknown,unknown,1
A-e5d6ab,Company_7,EdTech,US,2023-04-15,partner,Pro,3,0,0,4179,1304.8,39,10,0,0,1,monthly,Enterprise,3.0,42.666666666666664,57.0,4.0,0.0,382,111506,23,7,5,2.0,0.0,False,0.0,True,competitor,0
A-7dacce,Company_8,Cybersecurity,CA,2024-09-10,event,Enterprise,12,0,1,13333,2305.7,67,10,1,0,1,annual,Enterprise,4.0,32.5,75.25,3.6666666666666665,0.0,472,145429,29,7,5,3.0,0.0,False,0.0,True,budget,1
A-10b8da,Company_9,DevTools,US,2023-05-08,partner,Enterprise,14,0,0,3383,1464.5,34,6,1,0,1,monthly,Basic,3.0,31.333333333333332,71.33333333333333,3.5,0.0,257,73818,14,8,2,0.0,0.0,Unknown,0.0,Unknown,unknown,1
A-592832,Company_10,Cybersecurity,US,2024-09-25,organic,Basic,18,0,0,8358,1714.2631578947369,60,19,1,1,1,monthly,Basic,3.0,32.666666666666664,80.66666666666667,5.0,0.0,1053,326283,55,9,13,1.0,22.66,False,0.0,False,support,1
A-d40bf7,Company_11,FinTech,IN,2024-11-08,organic,Basic,59,0,0,11741,4324.7,59,10,1,0,1,monthly,Basic,2.0,20.5,125.5,5.0,0.0,562,150186,22,10,5,0.0,0.0,Unknown,0.0,Unknown,unknown,1
A-6c093d,Company_12,DevTools,US,2023-04-14,partner,Basic,7,1,1,12139,1353.5,62,12,1,0,1,monthly,Enterprise,3.0,40.333333333333336,68.33333333333333,5.0,1.0,670,217275,30,10,10,0.0,0.0,Unknown,0.0,Unknown,unknown,1
A-462d45,Company_13,Cybersecurity,US,2024-01-15,partner,Enterprise,11,1,0,10348,1952.6666666666667,89,12,1,1,1,monthly,Pro,4.0,26.75,95.0,4.0,0.0,642,159561,26,8,8,1.0,0.0,False,0.0,False,competitor,1
A-956988,Company_14,EdTech,UK,2024-11-30,ads,Enterprise,1,0,0,10945,2262.076923076923,72,13,0,1,1,annual,Pro,2.0,50.5,118.0,3.0,0.0,658,173232,49,10,8,2.0,0.0,True,0.0,True,budget,1
A-ac14bb,Company_15,FinTech,US,2023-09-08,partner,Enterprise,21,0,0,14129,3468.25,71,8,1,0,1,monthly,Enterprise,2.0,24.5,30.5,4.0,0.0,531,170826,42,9,7,2.0,128.79,False,0.0,False,pricing,1
A-463db0,Company_16,HealthTech,US,2024-12-05,partner,Basic,15,0,0,8358,1895.142857142857,42,7,0,0,1,annual,Basic,6.0,50.166666666666664,94.83333333333331,4.25,1.0,367,106259,13,7,3,1.0,0.0,True,0.0,False,features,1
A-ce66f8,Company_17,EdTech,CA,2023-08-23,event,Pro,29,0,0,7363,1976.3333333333333,37,6,0,0,1,monthly,Basic,6.0,41.666666666666664,79.16666666666667,3.5,0.0,494,133559,19,8,6,0.0,0.0,Unknown,0.0,Unknown,unknown,1
A-c4ea60,Company_18,FinTech,DE,2023-03-09,other,Enterprise,18,0,0,3582,1627.3333333333333,58,9,0,1,1,annual,Enterprise,5.0,36.0,59.0,3.6,0.0,427,137244,18,10,9,0.0,0.0,Unknown,0.0,Unknown,unknown,1
A-832ec2,Company_19,FinTech,UK,2023-11-19,event,Enterprise,4,1,0,4378,1162.375,31,8,1,0,1,monthly,Basic,3.0,26.0,108.66666666666669,4.0,1.0,511,157711,25,8,6,2.0,0.0,False,0.0,True,pricing,1
A-684255,Company_20,FinTech,US,2024-04-14,ads,Enterprise,9,0,1,2786,846.0,32,14,1,1,1,monthly,Pro,4.0,14.25,97.75,4.666666666666667,1.0,653,191849,44,8,15,2.0,0.0,True,0.0,False,budget,1
A-c42f1f,Company_21,HealthTech,US,2024-07-28,other,Pro,8,0,1,2388,646.875,28,8,1,1,1,annual,Pro,9.0,31.333333333333332,81.88888888888889,4.0,1.0,337,98383,20,6,5,0.0,0.0,Unknown,0.0,Unknown,unknown,1
A-4e44e8,Company_22,DevTools,US,2024-08-20,ads,Enterprise,3,0,1,15522,2603.214285714286,78,14,1,0,1,monthly,Basic,3.0,31.333333333333332,76.66666666666667,3.3333333333333335,0.0,687,208387,37,7,8,2.0,35.48,True,0.0,True,features,1
A-30b4ca,Company_23,EdTech,IN,2024-05-20,organic,Basic,86,0,0,17114,9492.25,86,8,0,0,1,monthly,Enterprise,3.0,57.666666666666664,108.33333333333331,4.0,0.0,402,127433,22,9,10,1.0,0.0,False,0.0,False,features,1
A-9f2731,Company_24,FinTech,IN,2024-10-04,event,Enterprise,1,0,0,1617,516.1428571428571,39,7,0,1,1,annual,Pro,0.0,0.0,0.0,4.0,0.0,324,98113,20,7,2,2.0,136.94,False,0.0,False,unknown,0
A-32fb14,Company_25,DevTools,US,2023-03-07,event,Enterprise,26,0,0,5174,1129.111111111111,47,9,1,0,1,annual,Basic,5.0,34.0,59.6,4.5,0.0,488,150708,19,8,2,3.0,0.0,False,0.0,False,competitor,1
A-00cac8,Company_26,HealthTech,AU,2023-09-15,organic,Enterprise,8,1,0,7761,1569.0,39,9,0,1,1,annual,Pro,2.0,33.0,120.5,4.0,0.0,602,171366,31,9,7,0.0,0.0,Unknown,0.0,Unknown,unknown,0
A-35083d,Company_27,HealthTech,IN,2023-04-28,partner,Basic,19,0,0,9751,2027.0625,49,16,1,0,1,monthly,Enterprise,4.0,49.75,119.0,5.0,0.0,791,237055,37,7,7,0.0,0.0,Unknown,0.0,Unknown,unknown,1
A-eb7fac,Company_28,DevTools,US,2023-10-28,organic,Enterprise,7,0,0,27064,4209.6,136,10,0,0,1,monthly,Pro,4.0,34.0,126.5,4.0,0.0,538,185729,44,10,6,1.0,0.0,False,0.0,False,unknown,1
A-b20d99,Company_29,HealthTech,IN,2023-09-27,other,Basic,20,0,0,3980,1581.2857142857142,34,7,1,0,1,annual,Basic,2.0,61.5,27.0,3.5,0.0,329,105214,12,8,5,1.0,0.0,False,0.0,False,features,1
A-396e5f,Company_30,Cybersecurity,CA,2024-10-02,other,Enterprise,2,0,0,2597,1023.6,53,10,1,1,1,annual,Enterprise,5.0,24.8,102.8,4.0,1.0,540,175427,23,7,5,1.0,0.0,False,0.0,False,features,1
A-45ce7a,Company_31,FinTech,US,2023-07-23,ads,Enterprise,16,0,1,3184,1173.7142857142858,22,7,1,1,1,annual,Enterprise,5.0,45.4,91.8,3.6666666666666665,0.0,424,124978,30,8,2,0.0,0.0,Unknown,0.0,Unknown,unknown,1
A-08e34e,Company_32,EdTech,US,2024-06-27,event,Basic,14,0,0,5970,1983.7272727272727,77,11,0,0,1,annual,Pro,3.0,43.0,84.0,3.0,0.0,651,186929,32,9,7,2.0,228.75,False,0.0,False,features,1
A-8145a0,Company_33,Cybersecurity,AU,2023-04-25,partner,Basic,2,1,0,4975,1438.3333333333333,44,12,1,0,1,annual,Basic,6.0,23.666666666666668,90.16666666666669,4.0,0.0,693,200177,27,8,5,1.0,0.0,False,0.0,False,features,1
A-bad8c1,Company_34,FinTech,AU,2023-03-01,organic,Basic,7,0,0,2646,1113.857142857143,60,7,1,0,1,annual,Basic,1.0,27.0,49.0,4.0,0.0,385,125675,11,8,6,1.0,0.0,True,0.0,False,unknown,1
A-44dc83,Company_35,EdTech,FR,2024-05-12,other,Basic,5,0,0,456,114.0,37,4,0,0,1,monthly,Basic,7.0,40.857142857142854,76.14285714285714,4.6,0.0,248,81119,13,6,3,1.0,98.48,False,0.0,False,unknown,1
A-f446b6,Company_36,DevTools,DE,2023-05-12,ads,Pro,5,1,1,3582,1265.7777777777778,53,9,0,0,1,annual,Enterprise,8.0,30.75,82.5,4.25,1.0,376,127515,31,7,3,0.0,0.0,Unknown,0.0,Unknown,unknown,1
A-a45270,Company_37,HealthTech,US,2024-06-24,ads,Enterprise,3,0,0,4975,1677.5833333333333,79,12,1,1,1,monthly,Enterprise,4.0,64.0,110.0,4.0,0.0,733,222582,53,9,4,1.0,0.0,False,0.0,False,pricing,1
A-854864,Company_38,FinTech,IN,2024-12-07,event,Enterprise,20,0,0,4459,2459.8333333333335,91,6,0,0,1,annual,Enterprise,5.0,44.2,100.8,4.8,0.0,248,73517,10,6,4,1.0,8.47,False,0.0,True,support,1
A-1b7577,Company_39,Cybersecurity,US,2024-10-27,other,Pro,4,0,0,2009,797.3636363636364,81,11,0,1,1,monthly,Basic,5.0,27.2,109.4,4.0,0.0,647,195598,33,9,4,0.0,0.0,Unknown,0.0,Unknown,unknown,1
A-05f0e5,Company_40,FinTech,US,2023-05-04,partner,Basic,32,0,0,18308,4259.083333333333,92,12,1,0,1,monthly,Enterprise,4.0,20.0,108.5,4.0,0.0,706,207116,46,7,9,2.0,72.19,False,0.0,True,unknown,1
A-9077b0,Company_41,HealthTech,US,2024-08-25,ads,Basic,2,0,1,2786,509.2857142857143,63,7,1,0,1,monthly,Basic,3.0,40.333333333333336,136.33333333333334,4.333333333333333,0.0,493,146301,31,8,5,0.0,0.0,Unknown,0.0,Unknown,unknown,1
A-7f8241,Company_42,EdTech,US,2023-03-14,organic,Pro,34,0,0,7164,2634.4,60,15,1,0,1,annual,Pro,1.0,36.0,135.0,3.0,0.0,734,227186,38,7,5,0.0,0.0,Unknown,0.0,Unknown,unknown,1
A-2bc93d,Company_43,HealthTech,US,2023-03-14,event,Basic,14,0,0,7960,2491.846153846154,95,13,1,0,1,monthly,Basic,2.0,12.0,78.0,4.5,0.0,666,215735,31,8,5,2.0,99.1,True,0.0,False,competitor,1
A-f3ff05,Company_44,FinTech,IN,2024-07-06,other,Enterprise,2,0,0,9552,1497.3076923076924,48,13,1,0,1,annual,Basic,3.0,42.666666666666664,111.33333333333331,3.5,0.0,672,210327,36,8,4,1.0,0.0,False,0.0,False,unknown,1
A-2d4502,Company_45,FinTech,IN,2024-04-29,event,Basic,7,0,0,8159,2907.1,67,10,1,0,1,monthly,Enterprise,3.0,26.333333333333332,82.0,5.0,0.0,465,127997,19,7,7,1.0,0.0,False,0.0,True,pricing,1
A-6a4e2d,Company_46,EdTech,UK,2023-04-07,partner,Pro,9,0,1,4378,944.9090909090908,56,11,1,1,1,annual,Enterprise,2.0,18.5,141.0,4.5,1.0,597,172764,31,7,3,1.0,0.0,False,0.0,False,budget,1
A-eb7c38,Company_47,DevTools,AU,2024-02-25,organic,Enterprise,5,0,0,17910,2547.3333333333335,102,15,1,1,1,monthly,Enterprise,5.0,22.4,67.4,4.333333333333333,0.0,693,203946,27,8,6,1.0,6.26,False,0.0,False,budget,1
A-c37601,Company_48,EdTech,US,2024-10-31,partner,Basic,6,1,1,10746,1706.25,54,12,0,0,1,monthly,Enterprise,4.0,42.25,83.0,3.6666666666666665,0.0,489,131835,21,7,3,1.0,0.0,False,0.0,False,support,1
A-3b5cd1,Company_49,FinTech,US,2023-09-12,event,Basic,13,1,0,6368,1821.2307692307693,55,13,1,1,1,annual,Basic,5.0,27.4,46.6,4.0,0.0,523,177958,24,6,5,3.0,113.17,False,0.0,True,pricing,1
A-b2225d,Company_50,FinTech,US,2024-03-08,ads,Basic,47,0,1,9353,1590.6666666666667,50,12,1,1,1,monthly,Basic,2.0,42.0,38.0,3.0,0.0,696,236693,60,9,5,3.0,0.0,True,0.0,True,support,1
A-94f8c9,Company_51,HealthTech,US,2024-03-29,other,Basic,13,0,0,7164,1999.3125,74,16,1,1,1,monthly,Enterprise,3.0,47.333333333333336,87.66666666666667,5.0,0.0,746,204124,63,8,7,1.0,0.0,False,0.0,False,budget,1
A-02fac6,Company_52,FinTech,US,2023-04-06,event,Pro,22,0,0,4577,2400.909090909091,59,11,1,0,1,annual,Pro,6.0,23.333333333333332,100.5,4.0,0.0,514,169854,34,8,5,1.0,0.0,False,0.0,False,support,1
A-c1dfe1,Company_53,DevTools,DE,2023-08-07,ads,Pro,26,0,1,8159,3223.75,41,8,1,1,1,monthly,Enterprise,3.0,50.333333333333336,93.66666666666669,4.0,0.0,375,127687,30,8,4,2.0,0.0,False,0.0,True,pricing,1
A-32728c,Company_54,DevTools,US,2023-01-03,event,Pro,20,0,1,980,562.25,42,8,1,0,1,monthly,Enterprise,2.0,34.5,61.5,3.5,0.0,418,115325,22,8,6,3.0,7.58,True,0.0,True,budget,1
A-4c38bc,Company_55,HealthTech,UK,2024-03-09,event,Basic,36,0,0,7164,3003.75,36,16,1,0,1,annual,Enterprise,3.0,48.333333333333336,43.0,3.5,0.0,818,271358,27,9,10,0.0,0.0,Unknown,0.0,Unknown,unknown,1
A-1b707d,Company_56,Cybersecurity,US,2023-07-14,organic,Enterprise,1,0,0,3781,1166.5,41,8,1,0,1,annual,Enterprise,3.0,42.666666666666664,75.33333333333333,4.0,0.0,399,110456,12,8,3,1.0,0.0,True,0.0,False,competitor,0
A-6f8ad2,Company_57,EdTech,IN,2024-07-09,organic,Basic,1,0,0,6965,1525.1764705882354,70,17,1,1,1,monthly,Basic,4.0,35.25,37.25,4.333333333333333,0.0,924,261489,59,9,13,0.0,0.0,Unknown,0.0,Unknown,unknown,1
A-4d1e75,Company_58,DevTools,US,2024-08-21,other,Basic,20,0,1,12338,2414.6153846153848,62,13,1,1,1,monthly,Basic,2.0,15.0,98.5,4.0,0.0,477,148106,25,7,5,1.0,0.0,False,0.0,False,budget,1
A-9ee962,Company_59,HealthTech,US,2023-02-28,ads,Basic,9,0,1,5771,1046.6666666666667,30,9,1,1,1,monthly,Pro,3.0,37.0,69.66666666666667,4.0,0.0,439,120226,17,6,3,1.0,0.0,False,0.0,False,support,1
A-378b99,Company_60,EdTech,UK,2024-09-01,ads,Pro,8,1,1,3184,1009.6666666666666,68,12,1,1,1,monthly,Enterprise,6.0,28.5,78.83333333333333,4.5,0.0,565,187525,38,7,5,1.0,0.0,False,0.0,False,pricing,1
A-94d3da,Company_61,HealthTech,US,2023-05-03,other,Basic,41,0,1,8159,1889.4166666666667,41,12,1,0,1,monthly,Pro,6.0,26.833333333333332,80.5,3.5,0.0,464,150051,25,7,5,1.0,0.0,False,0.0,False,competitor,1
A-e351e1,Company_62,EdTech,US,2024-09-26,other,Enterprise,33,0,0,1617,699.6,33,5,0,0,1,monthly,Basic,4.0,17.0,65.25,3.75,0.0,295,102452,22,8,3,3.0,113.84,True,0.0,True,unknown,1
A-9badbd,Company_63,Cybersecurity,DE,2024-06-19,ads,Enterprise,5,1,0,11741,2498.230769230769,103,13,0,0,1,monthly,Enterprise,5.0,30.2,102.6,5.0,0.0,729,220382,45,11,8,0.0,0.0,Unknown,0.0,Unknown,unknown,1
A-7e0a10,Company_64,FinTech,US,2023-11-18,ads,Enterprise,46,0,0,13930,4111.6,70,10,1,0,1,annual,Basic,5.0,39.4,62.6,4.0,0.0,511,173162,35,8,5,1.0,0.0,False,0.0,False,budget,1
A-118d55,Company_65,Cybersecurity,US,2024-10-22,organic,Basic,8,0,0,7164,1993.25,36,12,1,1,1,monthly,Basic,5.0,24.2,56.8,4.333333333333333,0.0,599,168143,33,8,5,2.0,0.0,False,0.0,True,unknown,1
A-526d93,Company_66,HealthTech,FR,2024-04-14,organic,Basic,43,0,0,9751,4355.666666666667,49,9,1,0,1,annual,Basic,5.0,51.4,134.6,3.5,1.0,565,159213,45,9,5,3.0,41.17,False,0.0,True,support,1
A-f92792,Company_67,FinTech,US,2024-07-04,ads,Pro,1,0,1,6965,1343.357142857143,35,14,1,1,1,annual,Enterprise,2.0,45.0,82.0,4.0,0.0,528,149124,31,6,6,1.0,0.0,True,0.0,False,features,1
A-84ebe4,Company_68,FinTech,US,2023-03-12,ads,Pro,18,1,0,8955,2544.909090909091,82,11,0,0,1,annual,Enterprise,4.0,29.5,135.5,4.0,0.0,396,123655,26,8,7,2.0,0.0,False,0.0,False,support,1
A-5b4ebb,Company_69,Cybersecurity,UK,2024-07-10,other,Basic,21,1,0,12537,2138.6923076923076,63,13,1,0,1,monthly,Pro,5.0,35.4,63.0,4.75,0.0,692,196300,25,8,6,0.0,0.0,Unknown,0.0,Unknown,unknown,1
A-2922b6,Company_70,HealthTech,US,2024-11-14,organic,Basic,15,0,0,6965,1778.1666666666667,51,6,1,0,1,annual,Basic,2.0,15.5,103.0,4.0,0.0,393,117237,13,7,2,1.0,0.0,False,0.0,False,competitor,1
A-9b9fe9,Company_71,EdTech,AU,2023-09-28,other,Basic,5,0,0,9950,1643.75,99,12,0,1,1,monthly,Pro,4.0,33.5,156.5,4.0,0.0,597,196701,22,8,3,2.0,27.92,False,0.0,False,features,1
A-a8b49c,Company_72,Cybersecurity,UK,2023-10-06,partner,Basic,7,0,0,4378,963.9166666666666,30,12,1,0,1,monthly,Pro,1.0,72.0,105.0,4.0,0.0,545,183399,43,8,1,1.0,0.0,False,0.0,False,features,1
A-9174e0,Company_73,Cybersecurity,US,2024-12-04,partner,Basic,37,0,0,7363,3598.4,68,15,1,0,1,monthly,Enterprise,2.0,39.0,167.0,5.0,0.0,689,206138,61,10,6,0.0,0.0,Unknown,0.0,Unknown,unknown,1
A-a1bbb6,Company_74,DevTools,CA,2023-04-05,organic,Basic,1,0,0,5572,1800.25,28,8,0,0,1,annual,Pro,3.0,17.666666666666668,120.66666666666669,4.0,0.0,366,118465,20,9,7,0.0,0.0,Unknown,0.0,Unknown,unknown,1
A-c45b23,Company_75,FinTech,UK,2023-12-08,partner,Basic,5,0,0,5174,708.6666666666666,26,12,0,0,1,monthly,Pro,3.0,36.666666666666664,51.666666666666664,3.0,0.0,581,181056,30,9,10,1.0,0.0,True,0.0,False,support,1
A-02cd81,Company_76,HealthTech,IN,2024-03-28,other,Basic,44,0,0,8756,2354.0,44,14,0,0,1,monthly,Pro,3.0,17.333333333333332,84.66666666666667,4.5,1.0,684,219304,28,11,5,1.0,0.0,False,0.0,False,pricing,1
A-ee42db,Company_77,EdTech,DE,2023-04-25,ads,Enterprise,13,0,0,5635,963.9166666666666,115,12,1,1,1,monthly,Basic,4.0,33.75,98.25,3.0,0.0,511,150876,33,10,6,4.0,23.52,False,0.0,True,support,1
A-432483,Company_78,Cybersecurity,US,2023-02-06,ads,Pro,4,0,0,11940,2868.1111111111113,60,9,1,0,1,annual,Pro,1.0,51.0,128.0,4.0,0.0,451,151460,28,9,4,0.0,0.0,Unknown,0.0,Unknown,unknown,0
A-9208f0,Company_79,EdTech,US,2023-05-11,organic,Pro,1,0,0,2786,438.875,49,8,1,0,1,monthly,Pro,8.0,41.25,59.75,3.3333333333333335,1.0,538,158701,31,9,6,4.0,66.37,True,0.0,True,budget,1
A-98a59a,Company_80,FinTech,UK,2023-08-04,partner,Enterprise,56,0,0,11144,3645.6,148,10,1,1,1,annual,Pro,3.0,37.333333333333336,74.0,4.5,0.0,455,124429,21,7,8,1.0,0.0,False,0.0,True,support,1
A-fe79a5,Company_81,HealthTech,IN,2024-02-21,ads,Basic,9,1,1,4577,1353.2,23,10,1,0,1,monthly,Enterprise,4.0,28.5,61.0,5.0,0.0,335,96672,17,5,2,0.0,0.0,Unknown,0.0,Unknown,unknown,1
A-726cfa,Company_82,DevTools,US,2023-07-01,partner,Pro,11,0,0,7562,1830.6315789473683,42,19,1,0,1,annual,Enterprise,3.0,35.666666666666664,128.33333333333334,4.0,0.0,993,281986,45,11,15,1.0,122.11,False,0.0,False,support,1
A-c43359,Company_83,FinTech,US,2024-11-16,organic,Pro,38,0,1,7562,1539.0,38,8,1,1,1,annual,Pro,3.0,26.666666666666668,107.33333333333331,4.0,0.0,461,147051,32,7,5,2.0,8.92,False,0.0,True,unknown,1
A-271f46,Company_84,DevTools,US,2023-02-09,event,Pro,38,0,0,9154,2450.5,46,8,0,0,1,monthly,Enterprise,1.0,36.0,79.0,4.0,0.0,373,114563,16,7,1,2.0,0.0,True,0.0,False,support,0
A-157070,Company_85,FinTech,US,2023-11-09,ads,Pro,16,0,0,6965,1719.125,49,16,1,1,1,monthly,Enterprise,3.0,42.333333333333336,118.0,3.0,1.0,696,186928,26,9,7,2.0,0.0,False,0.0,False,features,1
A-40a557,Company_86,Cybersecurity,AU,2023-12-03,partner,Pro,16,1,1,10945,2591.5555555555557,55,9,1,0,1,annual,Enterprise,7.0,30.571428571428573,94.71428571428572,3.6666666666666665,0.0,402,114217,17,7,3,1.0,0.0,False,0.0,False,budget,1
A-66224b,Company_87,HealthTech,US,2024-10-18,other,Pro,92,1,1,18308,5765.333333333333,111,12,0,0,1,monthly,Enterprise,6.0,39.833333333333336,82.5,3.5,0.0,626,185229,29,9,10,0.0,0.0,Unknown,0.0,Unknown,unknown,1
A-91e948,Company_88,EdTech,AU,2023-01-29,partner,Basic,41,0,0,8159,3127.714285714286,41,7,1,0,1,monthly,Enterprise,0.0,0.0,0.0,4.0,0.0,404,115260,16,8,0,0.0,0.0,Unknown,0.0,Unknown,unknown,0
A-104f1a,Company_89,Cybersecurity,US,2024-08-17,other,Pro,24,0,1,6027,1577.125,123,8,0,0,1,monthly,Pro,5.0,33.2,50.4,3.75,1.0,438,156949,22,8,2,3.0,0.0,False,0.0,False,unknown,1
A-7988d1,Company_90,Cybersecurity,US,2023-12-20,other,Basic,33,0,0,6567,1188.0,92,9,0,0,1,annual,Basic,3.0,35.333333333333336,65.33333333333333,4.333333333333333,0.0,449,138265,28,7,7,3.0,16.89,False,0.0,False,budget,1
A-faa28c,Company_91,HealthTech,US,2024-01-30,organic,Enterprise,48,0,0,9552,4171.714285714285,65,14,1,0,1,monthly,Pro,4.0,52.25,115.5,4.666666666666667,1.0,585,162007,24,8,5,2.0,0.0,False,0.0,False,features,1
A-f25509,Company_92,EdTech,US,2024-03-22,other,Enterprise,32,0,0,6368,3224.4,57,5,0,1,1,monthly,Enterprise,6.0,42.666666666666664,116.0,4.666666666666667,0.0,229,73603,15,6,3,3.0,0.0,True,0.0,False,features,1
A-3a7284,Company_93,FinTech,US,2024-11-17,organic,Enterprise,31,0,0,7761,2959.9166666666665,73,12,1,1,1,monthly,Enterprise,3.0,56.333333333333336,104.33333333333331,3.5,0.0,609,191562,30,8,9,1.0,0.0,False,0.0,False,unknown,1
A-3a5ad8,Company_94,HealthTech,US,2023-12-05,organic,Enterprise,9,1,0,13930,2207.769230769231,95,13,1,1,1,annual,Basic,4.0,44.75,53.5,4.5,0.0,506,127878,23,7,7,0.0,0.0,Unknown,0.0,Unknown,unknown,1
A-65a46c,Company_95,HealthTech,US,2023-11-04,event,Pro,1,0,0,15522,2834.375,78,8,1,0,1,monthly,Basic,8.0,45.125,91.125,4.0,0.0,370,115219,21,7,7,0.0,0.0,Unknown,0.0,Unknown,unknown,1
A-8b25f2,Company_96,Cybersecurity,US,2024-02-17,ads,Pro,6,0,0,5572,1080.6153846153843,47,13,1,1,1,annual,Pro,2.0,35.5,50.5,4.0,0.0,565,159394,20,8,6,0.0,0.0,Unknown,0.0,Unknown,unknown,1
A-fabe19,Company_97,DevTools,UK,2024-11-11,ads,Enterprise,1,0,0,6368,2928.1428571428573,33,7,1,0,1,monthly,Enterprise,3.0,40.666666666666664,38.333333333333336,4.0,0.0,337,112966,16,8,1,0.0,0.0,Unknown,0.0,Unknown,unknown,1
A-adc1f3,Company_98,Cybersecurity,US,2024-08-05,organic,Pro,2,0,0,9950,2956.4444444444443,50,9,0,0,1,annual,Enterprise,3.0,47.333333333333336,65.0,3.5,0.0,334,120133,26,8,5,0.0,0.0,Unknown,0.0,Unknown,unknown,1
A-503d5a,Company_99,FinTech,US,2023-10-21,other,Enterprise,4,0,0,11144,1490.3333333333333,56,12,0,1,1,monthly,Pro,9.0,36.55555555555556,81.77777777777777,4.0,0.0,605,211565,32,11,6,0.0,0.0,Unknown,0.0,Unknown,unknown,1
A-fd7ad3,Company_100,Cybersecurity,US,2024-11-01,event,Enterprise,1,0,0,2388,383.1,29,10,1,0,1,annual,Basic,8.0,48.75,98.125,4.166666666666667,1.0,567,171957,42,7,9,4.0,70.03,True,0.0,True,pricing,1
A-186a44,Company_101,HealthTech,US,2023-08-07,ads,Enterprise,20,0,0,9353,1499.2142857142858,47,14,1,1,1,annual,Enterprise,7.0,38.285714285714285,110.42857142857144,3.5,0.0,614,205539,25,7,7,0.0,0.0,Unknown,0.0,Unknown,unknown,1
A-e888d1,Company_102,Cybersecurity,US,2023-03-28,other,Pro,14,0,0,3781,1240.5454545454545,54,11,1,0,1,monthly,Basic,5.0,43.0,104.0,4.0,1.0,552,158087,36,8,5,3.0,6.38,False,0.0,False,features,1
A-69fad4,Company_103,FinTech,UK,2023-04-06,ads,Basic,6,0,0,4378,1245.857142857143,35,7,0,0,1,annual,Basic,4.0,43.0,116.75,3.6666666666666665,0.0,412,124646,24,8,4,1.0,0.0,False,0.0,False,support,1
A-9289f6,Company_104,EdTech,US,2023-05-31,event,Enterprise,1,0,0,3969,1091.3333333333333,81,12,1,0,1,annual,Pro,6.0,37.5,70.0,4.333333333333333,0.0,642,200375,38,10,7,1.0,17.93,False,0.0,False,support,1
A-f19409,Company_105,DevTools,US,2023-03-16,other,Basic,23,0,0,7960,2844.6666666666665,44,12,1,0,1,monthly,Pro,3.0,6.333333333333333,103.33333333333331,4.0,0.0,659,209812,31,8,12,2.0,0.0,False,0.0,False,competitor,1
A-22f2df,Company_106,DevTools,US,2024-12-14,ads,Basic,3,0,1,2989,827.8888888888889,61,9,1,1,1,monthly,Pro,5.0,44.8,71.6,5.0,0.0,429,119127,17,7,5,0.0,0.0,Unknown,0.0,Unknown,unknown,1
A-039727,Company_107,EdTech,AU,2024-11-02,organic,Pro,25,0,0,5970,2428.0,64,15,1,1,1,annual,Enterprise,0.0,0.0,0.0,4.0,0.0,768,249545,32,9,3,1.0,46.49,False,0.0,False,pricing,0
A-2e3bad,Company_108,FinTech,CA,2023-08-13,other,Pro,61,0,1,12139,4587.2,61,10,0,0,1,monthly,Basic,5.0,31.4,107.0,3.5,0.0,435,123738,26,6,6,1.0,0.0,False,0.0,False,features,1
A-484819,Company_109,HealthTech,US,2023-02-21,organic,Pro,18,0,0,5174,2575.5,26,8,1,0,1,annual,Basic,5.0,33.2,139.6,4.5,0.0,336,116076,20,6,3,2.0,0.0,False,0.0,True,support,1
A-425e76,Company_110,DevTools,UK,2023-05-17,other,Enterprise,8,0,0,6368,1555.5454545454545,71,11,1,0,1,annual,Basic,5.0,48.2,119.2,3.3333333333333335,1.0,438,136419,24,9,5,4.0,0.0,True,0.0,False,competitor,1
A-e83938,Company_111,DevTools,UK,2023-11-21,other,Pro,2,1,1,3184,937.875,54,8,1,0,1,annual,Enterprise,4.0,31.0,72.5,3.0,0.0,266,87249,18,6,2,3.0,13.5,False,0.0,False,budget,1
A-ad296b,Company_112,DevTools,AU,2024-07-15,event,Pro,38,0,1,7562,3071.6666666666665,38,6,0,0,1,annual,Basic,3.0,28.333333333333332,83.33333333333333,3.6666666666666665,1.0,294,103805,12,10,2,0.0,0.0,Unknown,0.0,Unknown,unknown,1
A-e51ec7,Company_113,FinTech,CA,2023-09-23,partner,Enterprise,2,0,1,16517,3009.5,83,8,1,1,1,annual,Enterprise,3.0,37.0,93.33333333333331,5.0,0.0,417,126745,18,8,4,3.0,0.0,False,0.0,False,budget,1
A-0aaf6e,Company_114,FinTech,US,2024-05-11,organic,Enterprise,3,0,0,17512,2676.0,88,9,0,0,1,annual,Pro,5.0,45.0,75.4,4.0,0.0,599,172442,39,12,6,0.0,0.0,Unknown,0.0,Unknown,unknown,1
A-e61e98,Company_115,FinTech,US,2023-10-20,partner,Enterprise,19,0,0,6766,1498.2222222222222,40,9,1,0,1,annual,Pro,6.0,30.333333333333332,88.5,4.6,1.0,527,131994,25,10,7,1.0,0.0,False,0.0,False,features,1
A-92a333,Company_116,FinTech,US,2023-03-24,event,Enterprise,9,0,1,6567,1776.5,67,6,0,1,1,annual,Enterprise,4.0,23.25,58.25,4.0,1.0,364,103645,30,8,2,0.0,0.0,Unknown,0.0,Unknown,unknown,0
A-95b24a,Company_117,FinTech,US,2023-06-06,event,Pro,38,0,0,8557,2275.818181818182,47,11,1,1,1,monthly,Basic,5.0,21.2,90.4,4.25,0.0,611,188856,34,8,8,0.0,0.0,Unknown,0.0,Unknown,unknown,1
A-42e5e1,Company_118,DevTools,US,2024-07-09,ads,Pro,1,0,1,4378,1273.7142857142858,53,7,1,1,1,monthly,Pro,3.0,29.0,81.33333333333333,4.0,0.0,411,116704,41,8,2,1.0,0.0,True,0.0,False,pricing,1
A-7d514c,Company_119,HealthTech,DE,2024-02-03,organic,Enterprise,17,0,0,8557,2697.1111111111113,43,9,1,0,1,monthly,Basic,3.0,33.333333333333336,49.666666666666664,5.0,0.0,502,146707,30,11,7,0.0,0.0,Unknown,0.0,Unknown,unknown,1
A-65aeb5,Company_120,DevTools,US,2024-01-25,partner,Pro,9,0,0,12537,2866.0,63,12,0,1,1,monthly,Enterprise,2.0,42.5,159.5,5.0,0.0,533,148034,40,8,3,2.0,0.0,True,0.0,True,budget,1
A-e2cd1b,Company_121,DevTools,US,2024-02-04,other,Enterprise,15,0,0,3184,1394.2222222222222,119,9,1,0,1,monthly,Basic,5.0,37.8,76.0,4.0,0.0,465,138043,18,7,7,0.0,0.0,Unknown,0.0,Unknown,unknown,1
A-180abf,Company_122,DevTools,US,2023-08-14,event,Pro,64,0,0,12736,4145.777777777777,64,9,1,0,1,annual,Pro,3.0,36.333333333333336,62.333333333333336,3.0,0.0,499,136250,28,9,5,5.0,0.0,False,0.0,False,competitor,1
A-f17767,Company_123,DevTools,US,2023-01-30,event,Enterprise,1,1,0,7761,1152.7857142857142,39,14,1,1,1,monthly,Basic,3.0,36.333333333333336,115.0,4.0,1.0,713,208977,38,8,4,1.0,0.0,False,0.0,True,pricing,1
A-5a184f,Company_124,DevTools,DE,2023-06-19,other,Enterprise,1,0,0,9154,2068.3,74,10,0,1,1,annual,Enterprise,3.0,15.333333333333334,42.333333333333336,4.333333333333333,0.0,587,175629,29,8,2,3.0,0.0,False,0.0,False,features,1
A-7df7a7,Company_125,DevTools,US,2023-01-28,organic,Basic,7,0,1,8955,1943.6666666666667,85,15,0,1,1,monthly,Enterprise,3.0,28.0,93.0,4.0,1.0,922,256811,47,11,10,1.0,0.0,False,0.0,False,budget,1
A-1ac5e0,Company_126,DevTools,US,2024-10-20,event,Basic,33,0,0,6567,1824.9,33,10,0,0,1,monthly,Basic,7.0,40.42857142857143,76.0,3.8,0.0,558,167904,31,8,7,0.0,0.0,Unknown,0.0,Unknown,unknown,1
A-52dd88,Company_127,Cybersecurity,US,2023-02-21,ads,Pro,23,0,0,5174,1508.3636363636365,30,11,1,0,1,annual,Basic,1.0,72.0,111.0,4.0,0.0,516,180823,33,8,4,0.0,0.0,Unknown,0.0,Unknown,unknown,0
A-bece89,Company_128,Cybersecurity,IN,2023-12-01,event,Pro,26,0,1,5174,3208.3333333333335,38,6,1,0,1,monthly,Enterprise,4.0,32.5,103.75,4.0,1.0,176,48112,13,5,2,2.0,109.76,False,0.0,False,budget,1
A-029f69,Company_129,Cybersecurity,CA,2024-03-07,event,Basic,3,0,0,4776,914.875,34,16,1,0,1,annual,Basic,2.0,42.0,108.0,3.0,0.0,789,241275,42,8,9,3.0,32.73,False,0.0,False,competitor,1
A-5c046d,Company_130,EdTech,FR,2024-07-06,partner,Basic,93,0,0,18507,10485.75,93,8,0,0,1,annual,Basic,1.0,13.0,128.0,3.0,0.0,475,127926,23,8,5,0.0,0.0,Unknown,0.0,Unknown,unknown,1
A-fb186e,Company_131,EdTech,IN,2024-10-27,organic,Basic,29,0,0,5771,1923.6666666666667,33,3,0,0,1,annual,Enterprise,6.0,26.166666666666668,81.0,3.6666666666666665,0.0,207,72170,7,10,3,0.0,0.0,Unknown,0.0,Unknown,unknown,1
A-ae052e,Company_132,FinTech,CA,2023-09-11,other,Basic,39,0,0,1960,1282.1666666666667,40,6,1,1,1,monthly,Pro,4.0,31.25,60.5,4.0,0.0,300,88383,12,7,6,4.0,0.0,False,0.0,False,competitor,1
A-9f9299,Company_133,FinTech,US,2023-09-02,organic,Enterprise,28,1,0,5572,2826.866666666667,61,15,0,0,1,annual,Basic,5.0,36.2,116.2,5.0,0.0,830,258465,54,9,10,2.0,0.0,False,0.0,False,competitor,1
A-96e141,Company_134,DevTools,UK,2023-08-12,partner,Basic,14,0,0,4975,2209.714285714286,40,7,0,0,1,monthly,Enterprise,5.0,32.8,68.4,4.333333333333333,0.0,346,81587,19,9,2,2.0,43.53,False,0.0,False,budget,1
A-117171,Company_135,HealthTech,FR,2024-09-12,organic,Basic,45,0,1,8955,2403.0,45,5,0,1,1,annual,Pro,6.0,32.5,68.33333333333333,3.6666666666666665,1.0,208,59864,11,5,1,3.0,102.86,False,0.0,False,pricing,1
A-313be3,Company_136,EdTech,US,2023-11-15,partner,Enterprise,47,1,0,9353,1727.8181818181818,56,11,1,0,1,monthly,Basic,4.0,22.5,80.25,5.0,1.0,560,164545,40,8,3,2.0,43.03,False,0.0,True,competitor,1
A-671f31,Company_137,DevTools,US,2024-11-24,ads,Basic,59,0,0,11741,5064.166666666667,82,6,0,1,1,annual,Basic,7.0,33.0,78.0,4.2,0.0,167,43449,16,5,0,0.0,0.0,Unknown,0.0,Unknown,unknown,1
A-bbc346,Company_138,FinTech,US,2024-08-29,partner,Enterprise,19,0,0,8955,2547.846153846154,50,13,1,1,1,annual,Enterprise,3.0,45.333333333333336,102.66666666666669,4.5,0.0,650,179376,37,9,6,2.0,15.46,False,0.0,True,competitor,1
A-c16101,Company_139,EdTech,IN,2024-09-06,other,Basic,7,0,0,4378,1242.2,53,10,1,1,1,monthly,Basic,4.0,28.0,82.0,5.0,1.0,561,185984,29,8,9,2.0,0.0,True,0.0,False,features,1
A-50f3f7,Company_140,HealthTech,US,2023-12-22,partner,Basic,31,0,0,8955,2938.4666666666667,117,15,0,1,1,monthly,Enterprise,6.0,37.833333333333336,67.83333333333333,5.0,1.0,685,206893,45,9,7,0.0,0.0,Unknown,0.0,Unknown,unknown,1
A-7da956,Company_141,Cybersecurity,US,2024-06-02,event,Pro,13,1,1,2985,913.5833333333334,26,12,1,1,1,annual,Pro,3.0,32.666666666666664,88.0,5.0,0.0,543,150431,35,7,4,0.0,0.0,Unknown,0.0,Unknown,unknown,1
A-019782,Company_142,DevTools,FR,2023-04-19,event,Enterprise,11,0,0,3184,928.1111111111112,17,9,1,0,1,annual,Basic,2.0,10.0,107.0,3.0,0.0,562,160848,30,7,3,0.0,0.0,Unknown,0.0,Unknown,unknown,1
A-df10db,Company_143,DevTools,US,2023-06-06,other,Enterprise,2,1,1,6567,1066.3636363636365,68,11,1,0,1,annual,Enterprise,2.0,68.5,86.5,3.0,1.0,697,214976,40,8,2,2.0,0.0,False,0.0,False,competitor,1
A-3932db,Company_144,HealthTech,CA,2023-10-04,other,Pro,19,1,1,6965,1565.2222222222222,58,9,1,1,1,annual,Enterprise,6.0,41.0,86.5,4.333333333333333,0.0,434,134963,28,9,4,0.0,0.0,Unknown,0.0,Unknown,unknown,1
A-4f18f0,Company_145,DevTools,CA,2024-04-21,other,Pro,24,1,0,11741,2522.0,59,12,0,1,1,monthly,Pro,5.0,39.2,61.4,4.0,0.0,544,168051,25,8,6,2.0,0.0,False,0.0,True,features,1
A-4c6f11,Company_146,FinTech,CA,2023-11-27,organic,Pro,24,1,1,4776,1517.2,35,5,0,1,1,monthly,Enterprise,3.0,44.666666666666664,63.0,4.333333333333333,0.0,268,84855,4,6,1,2.0,0.0,False,0.0,False,competitor,1
A-8ae05d,Company_147,FinTech,IN,2024-04-06,other,Enterprise,86,0,0,17114,3747.142857142858,86,7,0,0,1,monthly,Enterprise,1.0,47.0,48.0,4.0,0.0,203,77446,10,4,1,1.0,0.0,False,0.0,False,unknown,1
A-b78bf8,Company_148,DevTools,US,2024-11-15,event,Pro,33,0,0,9751,2802.875,49,8,1,1,1,monthly,Basic,5.0,24.2,88.8,4.2,0.0,421,123802,11,8,7,1.0,0.0,False,0.0,False,unknown,1
A-eafc6e,Company_149,DevTools,US,2023-07-06,partner,Pro,27,0,0,6766,2318.4285714285716,76,7,0,0,1,monthly,Enterprise,1.0,64.0,136.0,4.0,0.0,300,90218,15,6,3,2.0,0.0,False,0.0,False,unknown,0
A-37f969,Company_150,HealthTech,IN,2023-10-14,partner,Enterprise,30,0,1,5970,2869.875,51,8,1,0,1,annual,Enterprise,5.0,22.2,94.0,3.6666666666666665,1.0,312,107852,14,8,5,4.0,146.86,False,0.0,True,pricing,1
A-10b8f2,Company_151,HealthTech,DE,2023-01-11,organic,Basic,47,1,0,9353,2559.9166666666665,103,12,1,0,1,annual,Basic,3.0,46.333333333333336,67.0,4.333333333333333,0.0,560,173183,23,8,10,1.0,0.0,False,0.0,True,support,1
A-439b2f,Company_152,DevTools,US,2024-02-21,ads,Enterprise,1,0,0,1274,299.3333333333333,26,6,1,0,1,annual,Basic,3.0,18.333333333333332,85.33333333333333,4.0,0.0,171,54271,5,4,2,2.0,17.06,True,0.0,False,pricing,0
A-544d0a,Company_153,DevTools,US,2024-05-02,organic,Basic,2,1,0,12736,1849.2,64,10,1,1,1,monthly,Pro,2.0,38.5,98.0,4.0,1.0,510,152826,22,9,7,0.0,0.0,Unknown,0.0,Unknown,unknown,1
A-ba6516,Company_154,FinTech,US,2023-10-29,ads,Pro,27,0,0,7562,2183.0,55,13,1,1,1,monthly,Basic,6.0,31.5,71.0,4.0,0.0,642,213554,32,8,8,1.0,0.0,False,0.0,False,budget,1
A-712426,Company_155,HealthTech,US,2024-11-10,other,Enterprise,9,0,0,2587,746.4666666666667,119,15,1,0,1,monthly,Basic,6.0,37.333333333333336,79.16666666666667,4.4,0.0,696,214681,31,8,6,3.0,0.0,True,0.0,True,pricing,1
A-038089,Company_156,DevTools,FR,2023-12-19,other,Pro,5,0,1,1764,701.3333333333334,36,3,0,0,1,annual,Basic,6.0,30.166666666666668,86.16666666666667,3.6666666666666665,0.0,210,63673,15,8,1,2.0,19.34,False,0.0,False,competitor,1
A-afa505,Company_157,DevTools,US,2023-12-27,partner,Basic,70,1,1,13930,7334.444444444444,70,9,1,1,1,annual,Pro,4.0,37.25,88.25,3.0,1.0,507,162673,28,9,8,1.0,0.0,False,0.0,True,support,1
A-d5a319,Company_158,FinTech,US,2023-05-04,other,Enterprise,15,0,0,13930,3153.9166666666665,70,12,1,1,1,monthly,Basic,1.0,17.0,132.0,4.0,1.0,604,212655,43,7,5,0.0,0.0,Unknown,0.0,Unknown,unknown,1
A-f97b9a,Company_159,FinTech,US,2023-07-09,event,Pro,16,0,0,7164,2166.6363636363635,65,11,1,0,1,annual,Basic,7.0,31.714285714285715,69.85714285714286,3.6666666666666665,0.0,561,173241,33,9,6,0.0,0.0,Unknown,0.0,Unknown,unknown,1
A-2f6a32,Company_160,HealthTech,US,2024-08-26,organic,Basic,19,0,0,1617,683.0,47,11,1,0,1,annual,Pro,2.0,41.0,72.0,3.5,0.0,654,207283,46,10,6,0.0,0.0,Unknown,0.0,Unknown,unknown,1
A-856b1e,Company_161,FinTech,US,2023-10-31,partner,Basic,19,0,1,1764,1053.5,36,6,1,0,1,monthly,Pro,5.0,36.0,79.4,4.0,1.0,230,63418,24,6,4,0.0,0.0,Unknown,0.0,Unknown,unknown,0
A-17939a,Company_162,HealthTech,US,2024-12-26,organic,Basic,1,0,1,2587,879.0,86,11,0,0,1,monthly,Basic,7.0,38.0,83.42857142857143,4.5,0.0,440,121725,43,6,5,0.0,0.0,Unknown,0.0,Unknown,unknown,1
A-d27f50,Company_163,Cybersecurity,UK,2024-07-20,ads,Enterprise,44,0,1,9552,3734.5833333333335,48,12,1,0,1,monthly,Pro,4.0,37.5,116.5,3.75,0.0,481,170101,31,8,4,0.0,0.0,Unknown,0.0,Unknown,unknown,1
A-e36807,Company_164,EdTech,AU,2024-05-17,other,Pro,6,0,0,2786,1256.9,81,10,0,0,1,monthly,Enterprise,2.0,41.0,152.0,4.5,0.0,446,140849,27,8,4,0.0,0.0,Unknown,0.0,Unknown,unknown,1
A-ff79f2,Company_165,DevTools,US,2024-04-25,ads,Basic,8,0,0,16517,3097.0,83,9,1,0,1,annual,Enterprise,2.0,50.0,82.5,4.0,0.0,393,133848,12,9,4,0.0,0.0,Unknown,0.0,Unknown,unknown,0
A-5b1bcd,Company_166,DevTools,US,2023-09-16,organic,Pro,73,0,0,14527,8886.533333333333,73,15,1,0,1,annual,Enterprise,4.0,43.25,92.5,4.5,0.0,869,251284,54,7,6,1.0,4.45,False,0.0,False,competitor,1
A-71615e,Company_167,EdTech,US,2024-05-18,organic,Basic,15,0,0,11940,3131.769230769231,73,13,1,0,1,monthly,Pro,1.0,49.0,77.0,4.0,0.0,620,194799,41,8,4,1.0,0.0,False,0.0,True,pricing,0
A-794a0b,Company_168,HealthTech,DE,2023-06-02,organic,Basic,23,0,0,6169,1510.7142857142858,35,7,0,0,1,annual,Basic,0.0,0.0,0.0,4.0,0.0,347,94200,31,10,1,1.0,0.0,False,0.0,False,budget,0
A-86902e,Company_169,HealthTech,IN,2023-05-02,other,Enterprise,34,0,0,12139,3604.1,61,10,1,0,1,monthly,Basic,9.0,40.888888888888886,71.44444444444444,3.5,0.0,628,202329,36,10,6,1.0,0.0,False,0.0,False,features,1
A-0532a9,Company_170,FinTech,IN,2024-09-25,event,Pro,19,0,0,5373,1516.1,27,10,1,1,1,monthly,Pro,8.0,30.75,73.375,3.0,0.0,519,157792,30,8,7,1.0,2.4,False,0.0,False,pricing,1
A-9779ad,Company_171,Cybersecurity,AU,2024-03-29,event,Pro,40,1,0,7960,5168.0,40,10,0,0,1,monthly,Enterprise,3.0,20.666666666666668,116.33333333333331,5.0,0.0,413,109079,25,6,3,3.0,0.0,False,0.0,True,competitor,1
A-f45426,Company_172,HealthTech,US,2024-08-05,organic,Basic,9,0,0,9154,1571.7272727272727,57,11,0,1,1,monthly,Basic,3.0,17.0,69.0,4.0,0.0,624,191651,49,8,5,2.0,47.17,False,0.0,False,competitor,1
A-c1e51e,Company_173,FinTech,US,2024-10-02,organic,Basic,3,0,1,10945,2390.5,55,10,1,1,1,monthly,Basic,5.0,40.0,75.6,3.2,0.0,518,152228,36,8,7,2.0,0.0,False,0.0,False,support,1
A-fa3095,Company_174,FinTech,US,2023-09-03,ads,Basic,70,0,0,13930,5769.166666666667,70,12,0,0,1,annual,Basic,5.0,49.2,84.0,5.0,0.0,600,202100,42,9,5,1.0,0.0,False,0.0,False,support,1
A-ad64c6,Company_175,DevTools,UK,2024-02-23,event,Pro,12,0,0,5572,2451.3333333333335,54,6,0,0,1,annual,Enterprise,4.0,34.0,98.5,5.0,0.0,215,79605,18,5,2,2.0,19.08,False,0.0,True,support,1
A-39b19f,Company_176,FinTech,US,2023-02-03,partner,Enterprise,1,0,0,8159,1930.6363636363635,55,11,1,1,1,annual,Enterprise,6.0,47.833333333333336,87.5,4.25,1.0,530,135061,37,8,5,1.0,0.0,False,0.0,False,unknown,1
A-56962b,Company_177,EdTech,UK,2024-04-09,partner,Enterprise,163,0,1,32437,7800.714285714285,163,7,1,0,1,monthly,Pro,4.0,37.5,105.5,3.0,0.0,271,81944,25,6,4,2.0,45.83,False,0.0,True,pricing,1
A-e60f9d,Company_178,FinTech,US,2024-08-26,other,Basic,29,0,0,11542,3387.8,60,15,0,1,1,annual,Enterprise,2.0,70.5,106.5,4.0,0.0,629,158587,24,8,5,0.0,0.0,Unknown,0.0,Unknown,unknown,0
A-88c6ca,Company_179,FinTech,DE,2024-10-25,ads,Basic,5,0,1,2401,921.2857142857144,49,7,0,0,1,monthly,Pro,1.0,56.0,12.0,4.0,0.0,446,130195,19,8,8,0.0,0.0,Unknown,0.0,Unknown,unknown,0
A-158f4e,Company_180,FinTech,IN,2023-03-03,other,Enterprise,61,0,1,12139,3654.9166666666665,61,12,0,0,1,annual,Pro,5.0,27.6,126.0,4.333333333333333,0.0,453,124458,29,7,3,2.0,0.0,False,0.0,False,features,1
A-5b051a,Company_181,Cybersecurity,US,2024-08-05,event,Enterprise,22,0,0,1078,583.0,22,4,0,0,1,monthly,Basic,1.0,2.0,2.0,3.0,0.0,171,44864,17,7,3,0.0,0.0,Unknown,0.0,Unknown,unknown,1
A-296d7c,Company_182,DevTools,DE,2023-11-08,other,Enterprise,2,0,0,784,284.14285714285717,24,7,0,0,1,annual,Basic,5.0,50.4,105.2,3.75,0.0,357,124753,18,7,7,1.0,0.0,False,0.0,False,budget,1
A-1619f8,Company_183,DevTools,US,2024-05-20,organic,Pro,29,0,0,10945,2827.1428571428573,55,7,1,0,1,monthly,Enterprise,3.0,42.0,81.0,5.0,0.0,432,142787,26,7,2,3.0,0.0,False,0.0,True,budget,1
A-a1b80b,Company_184,HealthTech,US,2023-11-27,organic,Basic,16,0,0,10348,2161.8125,52,16,1,1,1,annual,Enterprise,4.0,41.0,72.5,4.0,0.0,749,222610,48,7,5,1.0,12.99,True,0.0,False,budget,1
A-139c3b,Company_185,HealthTech,US,2024-11-21,organic,Enterprise,10,1,1,3582,1128.375,41,8,1,0,1,annual,Basic,9.0,28.444444444444443,66.11111111111111,4.5,0.0,478,150601,16,7,7,0.0,0.0,Unknown,0.0,Unknown,unknown,1
A-702032,Company_186,HealthTech,US,2023-10-03,ads,Pro,28,0,1,5572,1423.3333333333333,28,6,1,0,1,monthly,Basic,4.0,26.0,98.25,3.0,0.0,285,91776,15,6,1,2.0,10.5,False,0.0,False,competitor,1
A-7a0d69,Company_187,DevTools,DE,2024-06-15,ads,Enterprise,4,1,0,5174,942.0,40,11,1,0,1,annual,Basic,2.0,29.0,52.5,5.0,0.0,606,179167,31,11,5,3.0,28.95,False,0.0,True,budget,1
A-22d9d2,Company_188,DevTools,FR,2024-03-22,event,Pro,8,0,0,4508,1339.0,92,14,1,1,1,monthly,Pro,6.0,16.0,88.0,4.0,1.0,782,239679,43,8,6,1.0,0.0,False,0.0,False,pricing,1
A-b9eed8,Company_189,Cybersecurity,US,2024-02-23,organic,Basic,11,0,0,6766,1507.0,34,11,0,1,1,monthly,Enterprise,5.0,29.2,103.8,3.75,1.0,623,168474,55,9,9,1.0,0.0,True,0.0,True,pricing,1
A-dfbd31,Company_190,DevTools,UK,2023-12-04,partner,Enterprise,14,0,0,12338,1791.357142857143,62,14,1,1,1,monthly,Basic,6.0,29.666666666666668,129.83333333333334,4.25,0.0,599,182273,19,6,7,2.0,0.0,False,0.0,True,features,1
A-8e47ca,Company_191,HealthTech,US,2024-02-15,organic,Pro,19,0,1,6169,3124.4444444444443,31,9,1,0,1,monthly,Pro,5.0,33.4,80.6,4.0,1.0,441,133497,35,7,2,3.0,0.0,False,0.0,False,support,1
A-4437e4,Company_192,Cybersecurity,US,2023-09-16,event,Enterprise,3,0,1,3184,1114.4375,49,16,1,1,1,annual,Pro,6.0,34.666666666666664,125.33333333333331,3.0,2.0,806,260271,43,7,8,1.0,0.0,False,0.0,False,features,1
A-779e4e,Company_193,HealthTech,US,2023-01-02,organic,Basic,5,0,0,11542,2808.1,98,10,1,1,1,annual,Enterprise,5.0,26.6,91.6,4.0,0.0,393,111038,20,7,6,0.0,0.0,Unknown,0.0,Unknown,unknown,1
A-53f4e3,Company_194,Cybersecurity,UK,2024-06-14,event,Enterprise,13,0,1,4557,1507.2,93,10,0,0,1,monthly,Pro,5.0,28.6,99.0,4.0,0.0,410,127529,45,8,1,1.0,0.0,True,0.0,False,competitor,1
A-692f18,Company_195,EdTech,US,2024-03-28,other,Basic,5,1,1,7363,1797.0588235294117,50,17,1,1,1,annual,Enterprise,2.0,37.5,120.0,5.0,0.0,871,261911,55,8,9,1.0,0.0,False,0.0,True,support,1
A-13466a,Company_196,DevTools,AU,2023-10-22,event,Basic,2,0,0,7960,2223.8333333333335,65,6,0,0,1,annual,Enterprise,3.0,32.333333333333336,94.33333333333331,4.333333333333333,1.0,205,57539,14,5,2,2.0,6.51,True,0.0,False,support,1
A-1986ca,Company_197,HealthTech,IN,2023-01-30,ads,Pro,20,0,0,6169,3951.571428571429,31,7,1,0,1,monthly,Enterprise,7.0,36.57142857142857,106.57142857142856,3.4,0.0,362,102382,23,8,5,0.0,0.0,Unknown,0.0,Unknown,unknown,1
A-0cc442,Company_198,EdTech,US,2024-07-18,organic,Basic,45,0,1,10547,4764.2307692307695,97,13,1,1,1,monthly,Basic,3.0,37.0,47.333333333333336,3.0,0.0,765,230759,41,10,7,4.0,59.52,True,0.0,True,unknown,1
A-c608c8,Company_199,DevTools,DE,2023-04-27,ads,Pro,3,0,0,2842,1189.25,58,8,1,1,1,monthly,Enterprise,2.0,59.0,66.0,3.0,0.0,445,144345,27,8,5,1.0,0.0,False,0.0,False,support,1
A-3be56b,Company_200,HealthTech,IN,2023-10-26,event,Pro,3,0,1,5970,1420.0,62,12,1,1,1,monthly,Enterprise,4.0,40.25,74.0,3.5,0.0,528,169908,33,7,8,2.0,0.0,False,0.0,True,competitor,1
A-354f12,Company_201,FinTech,US,2024-04-28,ads,Pro,1,1,1,6766,2222.25,34,4,0,1,1,monthly,Enterprise,2.0,56.5,137.5,4.0,0.0,158,48510,3,5,1,1.0,0.0,False,0.0,False,competitor,0
A-68f37c,Company_202,HealthTech,US,2023-07-15,ads,Basic,4,0,0,24079,2689.1666666666665,121,12,1,0,1,monthly,Basic,5.0,20.2,119.8,4.0,0.0,624,202756,40,10,6,4.0,0.0,True,0.0,True,unknown,1
A-aa9511,Company_203,DevTools,US,2023-10-10,other,Pro,23,1,1,19303,4064.6666666666665,97,15,0,1,1,annual,Pro,2.0,56.5,98.5,4.0,0.0,625,189526,35,7,5,1.0,0.0,False,0.0,False,competitor,1
A-af0cd2,Company_204,Cybersecurity,IN,2023-01-03,other,Enterprise,19,1,0,1083,587.2727272727273,57,11,1,0,1,monthly,Basic,3.0,54.333333333333336,149.33333333333334,4.0,0.0,687,225366,33,8,8,1.0,0.0,False,0.0,False,unknown,0
A-bd4513,Company_205,DevTools,AU,2024-11-06,event,Enterprise,50,1,0,9950,4350.333333333333,66,12,1,0,1,annual,Basic,3.0,42.0,58.666666666666664,4.666666666666667,0.0,507,157547,34,7,4,2.0,35.14,False,0.0,False,budget,1
A-c222ab,Company_206,Cybersecurity,US,2024-05-10,other,Pro,32,0,1,6368,2665.1428571428573,32,7,1,0,1,annual,Pro,4.0,39.0,94.5,5.0,0.0,435,133441,33,11,6,3.0,32.14,False,0.0,True,support,1
A-34d880,Company_207,Cybersecurity,AU,2024-04-11,ads,Enterprise,4,0,1,10547,2329.3333333333335,53,9,0,0,1,monthly,Pro,5.0,52.2,90.8,3.0,0.0,474,144424,40,7,3,1.0,10.4,False,0.0,False,unknown,1
A-508199,Company_208,FinTech,AU,2024-01-28,event,Basic,19,0,1,3781,1687.2,27,5,0,0,1,annual,Enterprise,3.0,50.666666666666664,67.33333333333333,3.0,0.0,231,80389,15,6,2,0.0,0.0,Unknown,0.0,Unknown,unknown,1
A-f03140,Company_209,DevTools,IN,2023-11-22,event,Pro,27,1,1,5373,2107.5,38,10,1,1,1,annual,Basic,7.0,36.0,113.14285714285714,3.6666666666666665,0.0,595,196965,22,11,4,1.0,0.0,False,0.0,False,competitor,1
A-410e86,Company_210,FinTech,US,2024-11-10,organic,Basic,24,0,1,4776,2280.0,33,7,0,0,1,monthly,Enterprise,5.0,42.6,110.0,3.5,0.0,292,107443,21,5,3,0.0,0.0,Unknown,0.0,Unknown,unknown,1
A-fa2041,Company_211,HealthTech,US,2024-05-29,organic,Pro,15,1,1,3582,1742.9166666666667,52,12,0,0,1,monthly,Enterprise,1.0,16.0,99.0,3.0,0.0,552,157263,34,7,6,1.0,0.0,False,0.0,False,competitor,1
A-de58ca,Company_212,HealthTech,DE,2023-04-13,organic,Enterprise,15,0,1,12338,2173.181818181818,105,11,0,0,1,monthly,Pro,5.0,30.6,115.0,3.3333333333333335,0.0,505,141942,33,7,7,0.0,0.0,Unknown,0.0,Unknown,unknown,1
A-05d3b3,Company_213,DevTools,AU,2023-05-28,ads,Basic,9,1,0,3781,970.0,55,13,0,0,1,monthly,Pro,6.0,31.5,48.333333333333336,4.333333333333333,0.0,642,193363,22,7,4,2.0,0.0,False,0.0,False,unknown,1
A-249769,Company_214,Cybersecurity,US,2024-04-25,event,Enterprise,4,0,0,11144,1209.0,56,13,0,0,1,annual,Pro,2.0,39.5,96.5,4.0,0.0,678,193777,30,8,3,2.0,0.0,True,0.0,False,pricing,1
A-e43bf7,Company_215,Cybersecurity,AU,2023-03-24,other,Pro,44,0,1,13930,6666.571428571428,70,7,1,0,1,monthly,Enterprise,5.0,27.4,80.0,4.0,1.0,371,103455,35,8,2,1.0,0.0,False,0.0,False,pricing,1
A-eb2fdc,Company_216,DevTools,AU,2023-11-21,organic,Enterprise,31,0,0,9353,2664.0,47,12,0,0,1,monthly,Basic,5.0,33.6,37.6,4.5,0.0,547,174663,17,7,3,1.0,0.0,False,0.0,False,competitor,1
A-e1462e,Company_217,FinTech,UK,2023-03-12,partner,Basic,15,0,1,5771,1718.571428571429,46,7,1,1,1,annual,Basic,2.0,39.5,118.5,3.5,0.0,347,98097,22,6,4,2.0,0.0,True,0.0,False,support,1
A-cab532,Company_218,DevTools,FR,2023-04-03,organic,Pro,11,1,0,4975,1339.2,58,15,1,1,1,annual,Enterprise,1.0,32.0,175.0,4.0,0.0,1005,273639,47,9,7,1.0,0.0,False,0.0,True,support,1
A-9123ac,Company_219,Cybersecurity,DE,2023-06-20,organic,Pro,9,0,0,8358,2107.285714285714,42,7,0,1,1,annual,Enterprise,6.0,38.833333333333336,91.66666666666669,4.2,0.0,386,120014,24,9,4,2.0,0.0,True,0.0,True,support,1
A-6e08f3,Company_220,Cybersecurity,US,2023-02-27,event,Basic,8,0,1,5572,1819.0,28,10,1,1,1,monthly,Pro,2.0,36.5,137.0,3.5,0.0,492,149078,21,7,7,1.0,0.0,True,0.0,False,competitor,1
A-d922bf,Company_221,HealthTech,US,2023-09-08,ads,Basic,5,1,1,6368,2444.8571428571427,32,7,0,0,1,monthly,Enterprise,7.0,39.142857142857146,101.14285714285714,3.3333333333333335,1.0,419,134119,19,7,3,1.0,11.13,False,0.0,False,support,1
A-8ed5dd,Company_222,EdTech,UK,2023-06-29,event,Enterprise,5,0,1,5970,996.3333333333334,46,12,1,1,1,annual,Basic,6.0,29.0,96.83333333333331,3.75,0.0,545,173217,45,8,2,2.0,0.0,False,0.0,True,unknown,1
A-7c6b6b,Company_223,FinTech,US,2024-11-30,other,Basic,6,0,0,1372,688.2857142857143,28,7,0,0,1,annual,Pro,5.0,52.2,82.4,4.333333333333333,0.0,311,82471,24,9,5,1.0,0.0,False,0.0,False,budget,1
A-3c1a3f,Company_224,DevTools,UK,2023-08-26,event,Pro,1,0,1,5771,1242.4166666666667,82,12,0,1,1,monthly,Basic,4.0,33.25,56.5,3.5,0.0,497,172341,22,6,5,0.0,0.0,Unknown,0.0,Unknown,unknown,1
A-b48f73,Company_225,EdTech,AU,2024-11-13,event,Pro,80,1,1,15920,4045.714285714286,80,7,0,0,1,monthly,Enterprise,3.0,28.666666666666668,35.333333333333336,4.0,0.0,412,118416,23,7,3,0.0,0.0,Unknown,0.0,Unknown,unknown,1
A-76fa4d,Company_226,HealthTech,US,2024-11-24,event,Pro,69,0,0,13731,8812.285714285714,69,7,0,0,1,monthly,Pro,5.0,33.4,111.8,4.5,0.0,357,126251,21,7,4,2.0,33.04,False,0.0,False,pricing,1
A-b2af2e,Company_227,Cybersecurity,UK,2024-08-24,event,Enterprise,5,0,0,1026,778.0,54,4,0,1,1,annual,Enterprise,2.0,39.5,95.0,4.0,0.0,174,60214,11,6,4,1.0,0.0,False,0.0,False,pricing,1
A-9bfc9f,Company_228,DevTools,CA,2023-09-14,ads,Pro,53,0,1,2940,1704.6666666666667,60,9,1,1,1,annual,Pro,6.0,35.333333333333336,84.33333333333333,3.3333333333333335,1.0,376,109862,18,7,4,0.0,0.0,Unknown,0.0,Unknown,unknown,1
A-4ae22a,Company_229,EdTech,US,2024-05-09,other,Pro,6,0,1,5572,1347.428571428571,28,7,0,0,1,monthly,Enterprise,3.0,14.333333333333334,72.66666666666667,3.0,0.0,369,142387,31,8,6,1.0,0.0,False,0.0,False,pricing,1
A-fda07f,Company_230,Cybersecurity,FR,2024-08-11,partner,Basic,7,0,0,13731,2368.1666666666665,69,12,1,1,1,monthly,Enterprise,5.0,17.8,57.0,4.0,0.0,681,231376,39,10,4,1.0,17.34,False,0.0,False,support,1
A-de24d5,Company_231,DevTools,US,2024-11-05,other,Enterprise,5,1,0,7363,1640.5384615384614,77,13,0,0,1,monthly,Enterprise,7.0,43.142857142857146,103.42857142857144,3.0,0.0,537,140266,28,8,6,0.0,0.0,Unknown,0.0,Unknown,unknown,1
A-977ca0,Company_232,HealthTech,IN,2023-02-20,partner,Basic,6,0,0,18109,1878.4375,92,16,1,0,1,monthly,Pro,3.0,64.0,123.0,4.0,0.0,893,242860,46,7,13,0.0,0.0,Unknown,0.0,Unknown,unknown,1
A-ab438f,Company_233,Cybersecurity,US,2024-09-13,ads,Enterprise,13,0,0,5970,2044.75,77,8,1,0,1,monthly,Enterprise,2.0,33.5,112.5,3.5,0.0,369,111452,12,7,3,1.0,0.0,False,0.0,True,budget,1
A-e89151,Company_234,FinTech,UK,2023-09-14,organic,Pro,8,1,1,8756,2414.8888888888887,44,9,1,0,1,monthly,Pro,2.0,41.5,48.5,5.0,0.0,601,188786,29,9,13,0.0,0.0,Unknown,0.0,Unknown,unknown,1
A-40906c,Company_235,EdTech,US,2024-03-27,ads,Basic,92,0,0,18308,5366.666666666667,92,12,0,0,1,annual,Pro,5.0,29.2,95.0,3.75,0.0,685,210243,32,9,7,0.0,0.0,Unknown,0.0,Unknown,unknown,1
A-81edc3,Company_236,Cybersecurity,IN,2023-10-30,ads,Basic,5,0,0,8756,1460.3333333333333,44,12,1,0,1,annual,Pro,3.0,52.666666666666664,70.0,4.0,0.0,765,245080,41,10,11,3.0,10.91,False,0.0,False,unknown,1
A-328bd0,Company_237,HealthTech,AU,2023-05-16,partner,Enterprise,18,0,1,3582,1229.1538461538462,39,13,1,1,1,monthly,Basic,5.0,46.0,68.2,3.6666666666666665,0.0,568,162210,49,7,5,0.0,0.0,Unknown,0.0,Unknown,unknown,1
A-b3fe05,Company_238,Cybersecurity,CA,2024-05-28,partner,Pro,8,0,0,9950,2721.5555555555557,55,9,0,0,1,monthly,Enterprise,4.0,48.25,94.25,3.0,0.0,438,141962,18,7,8,0.0,0.0,Unknown,0.0,Unknown,unknown,1
A-09540c,Company_239,Cybersecurity,CA,2023-10-30,event,Basic,67,1,1,13333,3953.0,67,6,1,1,1,annual,Basic,2.0,28.0,89.0,4.5,0.0,297,94696,16,6,3,1.0,71.44,False,0.0,False,unknown,1
A-e693b6,Company_240,FinTech,AU,2023-05-25,event,Enterprise,55,0,0,10945,2846.25,55,12,1,0,1,annual,Basic,1.0,1.0,144.0,3.0,0.0,681,206167,25,8,4,1.0,0.0,False,0.0,False,budget,1
A-2446e3,Company_241,EdTech,IN,2024-01-10,organic,Pro,27,0,1,5373,3448.285714285714,27,7,1,1,1,monthly,Enterprise,3.0,28.666666666666668,104.66666666666669,4.0,0.0,496,151037,32,10,5,2.0,81.93,True,0.0,True,competitor,1
A-241e75,Company_242,EdTech,US,2024-07-03,partner,Enterprise,3,0,1,2254,718.8,46,5,0,1,1,monthly,Pro,4.0,31.5,101.0,4.5,0.0,266,100257,20,7,2,2.0,0.0,False,0.0,True,features,1
A-922109,Company_243,Cybersecurity,US,2024-01-26,ads,Pro,3,0,0,8159,1086.0,72,13,0,0,1,monthly,Enterprise,3.0,25.333333333333332,127.0,3.0,0.0,819,274464,34,8,4,2.0,0.0,False,0.0,True,support,1
A-ff3c73,Company_244,HealthTech,AU,2023-01-26,other,Pro,21,0,0,1254,481.6666666666667,66,9,1,0,1,annual,Basic,2.0,35.5,97.5,3.5,0.0,408,143989,23,7,5,2.0,2.42,False,0.0,True,competitor,1
A-8b0451,Company_245,FinTech,UK,2024-09-16,event,Enterprise,41,0,0,8159,3170.9,43,10,0,0,1,annual,Enterprise,7.0,26.571428571428573,83.71428571428571,3.5,0.0,606,177930,45,10,6,1.0,0.0,False,0.0,False,budget,1
A-331424,Company_246,DevTools,US,2023-11-06,organic,Basic,11,0,0,2189,1129.3333333333333,11,6,0,0,1,annual,Enterprise,2.0,24.5,98.5,4.0,0.0,214,76170,9,5,3,1.0,0.0,False,0.0,False,competitor,0
A-51ec1b,Company_247,DevTools,US,2023-11-08,ads,Enterprise,7,0,0,3582,1847.8333333333333,23,6,1,1,1,annual,Pro,3.0,52.333333333333336,150.0,5.0,1.0,283,111162,12,9,3,1.0,0.0,True,0.0,True,unknown,1
A-bcf664,Company_248,DevTools,US,2023-05-19,other,Pro,5,0,0,2587,1056.0,59,13,0,0,1,annual,Basic,5.0,36.0,110.6,4.0,1.0,575,181920,28,6,5,3.0,75.32,True,0.0,False,features,1
A-90a8c8,Company_249,FinTech,AU,2024-08-24,organic,Pro,15,0,0,14527,3787.714285714286,73,7,1,0,1,annual,Pro,4.0,45.0,29.5,3.25,0.0,404,127486,20,8,4,1.0,0.0,False,0.0,False,support,1
A-86cdb4,Company_250,DevTools,DE,2024-09-22,partner,Basic,2,0,0,988,394.55555555555554,52,9,0,0,1,annual,Basic,5.0,26.4,105.8,4.333333333333333,0.0,492,167226,24,7,6,0.0,0.0,Unknown,0.0,Unknown,unknown,1
A-4bfa33,Company_251,Cybersecurity,US,2024-12-07,event,Basic,8,1,1,3528,800.8571428571429,72,7,0,0,1,annual,Basic,4.0,16.5,84.75,3.6666666666666665,0.0,329,78244,17,9,6,3.0,99.76,False,0.0,True,budget,1
A-dbc825,Company_252,EdTech,FR,2024-01-07,partner,Enterprise,19,0,1,10945,2650.25,85,16,1,0,1,annual,Enterprise,6.0,49.5,108.16666666666669,4.0,1.0,730,212801,58,8,8,2.0,0.0,False,0.0,False,budget,1
A-c70870,Company_253,Cybersecurity,US,2024-10-22,partner,Basic,31,0,1,33830,5659.142857142857,170,7,1,1,1,annual,Pro,5.0,35.6,105.8,4.0,0.0,334,106338,18,7,4,1.0,0.0,False,0.0,False,competitor,1
A-7c4956,Company_254,DevTools,US,2023-05-06,ads,Enterprise,5,0,0,1194,426.125,51,8,0,0,1,annual,Basic,3.0,13.666666666666666,66.66666666666667,4.0,0.0,475,129707,40,7,6,0.0,0.0,Unknown,0.0,Unknown,unknown,1
A-0651a4,Company_255,HealthTech,FR,2024-10-16,organic,Pro,16,0,0,12935,2970.9333333333334,65,15,0,0,1,annual,Enterprise,4.0,29.25,48.5,4.0,0.0,705,201426,37,8,8,2.0,0.0,False,0.0,False,features,1
A-3ce5b8,Company_256,FinTech,IN,2023-09-07,ads,Basic,8,0,0,9261,1850.0,189,9,0,0,1,monthly,Enterprise,10.0,42.5,101.8,3.7142857142857144,0.0,509,147802,29,8,5,1.0,261.49,False,0.0,False,features,1
A-bd4708,Company_257,FinTech,US,2024-07-21,ads,Pro,37,1,0,7363,2998.076923076923,69,13,1,0,1,monthly,Enterprise,4.0,24.0,90.75,3.5,0.0,653,201897,30,9,7,0.0,0.0,Unknown,0.0,Unknown,unknown,1
A-993085,Company_258,HealthTech,US,2023-06-01,ads,Basic,31,1,1,9751,3230.4,49,15,1,1,1,monthly,Enterprise,4.0,46.5,82.0,3.5,0.0,665,216015,50,7,7,2.0,0.0,False,0.0,False,features,1
A-92a3af,Company_259,Cybersecurity,IN,2024-07-07,organic,Enterprise,25,0,1,6965,3139.818181818182,77,11,0,1,1,annual,Enterprise,4.0,57.5,39.0,4.0,1.0,714,218189,55,8,8,0.0,0.0,Unknown,0.0,Unknown,unknown,1
A-151c9a,Company_260,FinTech,US,2023-01-27,ads,Enterprise,23,0,1,4577,2850.0,52,5,0,1,1,annual,Pro,2.0,31.0,156.5,3.5,0.0,366,120907,14,7,1,1.0,35.6,False,0.0,False,support,1
A-474ad4,Company_261,EdTech,US,2023-11-28,organic,Basic,8,0,1,4776,808.3333333333334,53,15,1,1,1,monthly,Enterprise,3.0,33.0,50.666666666666664,5.0,1.0,605,183355,45,7,6,0.0,0.0,Unknown,0.0,Unknown,unknown,1
A-4ef964,Company_262,HealthTech,US,2024-03-07,organic,Pro,17,0,0,3430,1586.5555555555557,70,9,0,0,1,annual,Pro,3.0,42.666666666666664,86.33333333333333,4.0,0.0,487,150663,33,8,6,1.0,0.0,False,0.0,True,budget,1
A-fd9422,Company_263,Cybersecurity,US,2024-04-04,organic,Pro,58,0,1,11542,3125.5555555555557,58,9,1,1,1,annual,Pro,6.0,44.333333333333336,116.83333333333331,3.5,1.0,456,143313,21,9,5,0.0,0.0,Unknown,0.0,Unknown,unknown,1
A-0baac2,Company_264,FinTech,DE,2024-05-30,organic,Enterprise,14,0,0,6169,3083.3333333333335,33,6,0,0,1,annual,Enterprise,6.0,43.5,89.0,4.333333333333333,0.0,202,73161,9,6,0,4.0,99.38,False,0.0,True,pricing,1
A-bb1486,Company_265,HealthTech,US,2024-11-05,organic,Basic,41,0,1,3381,2038.375,69,8,0,1,1,annual,Pro,3.0,11.0,78.0,3.0,0.0,405,118945,36,6,5,2.0,0.0,True,0.0,False,competitor,1
A-560d27,Company_266,DevTools,US,2024-05-05,organic,Pro,23,0,1,14129,3470.0833333333335,71,12,1,0,1,monthly,Basic,4.0,30.75,59.75,3.6666666666666665,0.0,587,185616,38,7,6,0.0,0.0,Unknown,0.0,Unknown,unknown,1
A-0b0d6d,Company_267,DevTools,US,2024-12-30,organic,Pro,3,0,0,10348,2576.230769230769,52,13,1,0,1,monthly,Enterprise,5.0,31.4,90.4,4.0,1.0,582,162411,48,9,9,1.0,0.0,False,0.0,False,competitor,1
A-2789e3,Company_268,FinTech,US,2024-09-14,partner,Enterprise,11,0,0,12139,2040.75,61,12,1,1,1,monthly,Basic,4.0,47.25,83.25,4.0,0.0,680,205877,45,8,6,0.0,0.0,Unknown,0.0,Unknown,unknown,1
A-b07346,Company_269,HealthTech,US,2024-10-10,partner,Pro,51,0,0,10149,6283.2,51,5,1,0,1,annual,Enterprise,3.0,42.333333333333336,76.66666666666667,3.5,0.0,326,106943,22,9,4,1.0,0.0,False,0.0,False,budget,1
A-902ef7,Company_270,HealthTech,US,2024-09-03,other,Enterprise,83,0,0,16517,5540.25,83,8,1,0,1,annual,Basic,2.0,48.5,85.0,4.0,0.0,414,145878,24,10,5,1.0,0.0,False,0.0,False,pricing,1
A-20736a,Company_271,EdTech,IN,2024-03-16,organic,Enterprise,50,0,0,12736,5789.285714285715,64,7,1,1,1,monthly,Pro,4.0,42.25,78.25,3.75,0.0,430,108408,22,9,5,1.0,64.98,False,0.0,False,competitor,1
A-e4bf56,Company_272,HealthTech,IN,2024-10-28,ads,Pro,17,0,1,7363,2703.714285714286,37,7,0,1,1,monthly,Pro,8.0,29.125,111.5,3.6666666666666665,0.0,339,115488,10,8,1,0.0,0.0,Unknown,0.0,Unknown,unknown,1
A-cea1f0,Company_273,FinTech,US,2024-04-07,event,Pro,8,0,0,4378,1224.4,30,10,1,1,1,annual,Enterprise,5.0,42.2,107.4,4.333333333333333,0.0,586,161188,28,9,9,0.0,0.0,Unknown,0.0,Unknown,unknown,1
A-ef84cf,Company_274,EdTech,US,2024-03-01,partner,Enterprise,8,0,0,6766,1501.4,34,5,0,1,1,annual,Basic,5.0,34.8,79.4,4.333333333333333,1.0,309,100420,11,8,3,3.0,18.81,True,0.0,True,pricing,1
A-d49cc5,Company_275,Cybersecurity,FR,2023-09-19,event,Basic,50,0,1,3675,1665.625,75,8,0,0,1,annual,Basic,4.0,32.0,55.25,4.5,0.0,436,142933,34,8,5,1.0,0.0,False,0.0,False,competitor,1
A-67be94,Company_276,EdTech,US,2023-04-04,organic,Enterprise,26,0,0,10348,3132.8571428571427,62,7,1,0,1,annual,Enterprise,5.0,38.6,51.0,4.0,0.0,416,127197,17,9,3,2.0,88.27,False,0.0,False,support,1
A-4e960a,Company_277,FinTech,US,2024-01-17,other,Enterprise,12,1,0,14129,1995.1666666666667,71,12,0,1,1,annual,Enterprise,6.0,29.166666666666668,83.16666666666667,4.0,0.0,512,153943,21,7,5,0.0,0.0,Unknown,0.0,Unknown,unknown,1
A-c37cab,Company_278,Cybersecurity,UK,2024-07-29,event,Pro,13,0,1,19502,2452.75,98,12,1,1,1,monthly,Basic,4.0,33.0,101.25,3.75,1.0,708,203309,40,9,14,2.0,4.03,False,0.0,False,competitor,1
A-533452,Company_279,DevTools,AU,2024-11-12,organic,Pro,9,0,0,5174,1878.5454545454545,101,11,1,1,1,monthly,Enterprise,4.0,32.75,35.5,4.0,0.0,595,172726,44,9,10,4.0,147.54999999999998,True,0.0,False,support,1
A-443b7c,Company_280,Cybersecurity,US,2024-09-06,other,Enterprise,1,0,0,13930,1503.875,84,16,1,0,1,annual,Pro,8.0,29.25,49.0,4.4,0.0,618,195039,29,6,8,0.0,0.0,Unknown,0.0,Unknown,unknown,1
A-1f7acb,Company_281,FinTech,UK,2023-08-06,ads,Basic,64,1,1,12736,5864.0,64,8,1,1,1,monthly,Enterprise,7.0,41.714285714285715,129.57142857142858,4.4,0.0,510,164068,47,11,7,0.0,0.0,Unknown,0.0,Unknown,unknown,1
A-f51f16,Company_282,HealthTech,US,2023-12-25,partner,Enterprise,1,0,1,7761,1663.75,60,8,1,0,1,annual,Pro,4.0,29.25,91.0,3.0,0.0,384,146093,28,7,3,2.0,0.0,False,0.0,True,features,1
A-5a3eb9,Company_283,DevTools,CA,2023-08-20,other,Enterprise,18,1,0,3582,1561.0,69,13,0,1,1,annual,Basic,3.0,24.0,83.0,4.0,0.0,722,216880,34,7,7,3.0,58.37,False,0.0,True,features,0
A-5f2961,Company_284,HealthTech,US,2024-11-22,partner,Basic,4,0,0,3184,1471.2857142857142,55,7,0,0,1,annual,Enterprise,1.0,53.0,19.0,4.0,0.0,348,103023,19,8,2,1.0,6.6,False,0.0,False,pricing,0
A-417d2f,Company_285,Cybersecurity,IN,2023-07-04,partner,Pro,4,1,0,10149,1433.3125,51,16,1,0,1,annual,Pro,6.0,43.5,80.5,4.333333333333333,0.0,722,206401,31,8,8,1.0,0.0,False,0.0,False,budget,1
A-e98302,Company_286,EdTech,US,2023-12-26,ads,Enterprise,16,1,1,6766,2094.5,58,6,0,0,1,annual,Basic,9.0,44.44444444444444,99.44444444444444,4.142857142857143,0.0,273,88751,18,7,3,0.0,0.0,Unknown,0.0,Unknown,unknown,1
A-8bde0c,Company_287,DevTools,US,2024-11-04,organic,Basic,12,0,0,5572,1899.888888888889,93,18,1,0,1,annual,Pro,3.0,25.666666666666668,86.33333333333333,4.0,0.0,773,240908,43,9,6,2.0,0.0,False,0.0,False,pricing,1
A-bcf87c,Company_288,FinTech,US,2024-06-27,event,Pro,10,0,0,6169,1979.090909090909,51,11,0,1,1,monthly,Basic,2.0,63.0,49.5,4.0,0.0,503,147590,19,7,7,0.0,0.0,Unknown,0.0,Unknown,unknown,1
A-54ecc2,Company_289,Cybersecurity,US,2023-06-11,partner,Enterprise,4,0,0,5970,1469.8181818181818,34,11,0,1,1,monthly,Basic,5.0,37.4,72.0,5.0,0.0,607,183498,39,8,6,3.0,0.0,False,0.0,True,support,1
A-625d0b,Company_290,EdTech,AU,2024-09-02,ads,Basic,9,0,0,2058,1081.1818181818182,42,11,0,0,1,monthly,Basic,5.0,48.4,72.4,3.0,0.0,529,141489,38,8,6,0.0,0.0,Unknown,0.0,Unknown,unknown,1
A-fce879,Company_291,EdTech,UK,2024-09-24,partner,Pro,10,1,1,3781,1359.4,45,5,0,1,1,annual,Basic,2.0,28.0,61.5,4.0,0.0,299,98740,14,7,1,2.0,0.0,False,0.0,True,support,1
A-b07b56,Company_292,DevTools,US,2024-11-08,event,Pro,25,0,0,4975,1132.2666666666669,34,15,0,0,1,monthly,Basic,4.0,31.25,93.75,3.0,0.0,633,185462,39,7,9,1.0,0.0,False,0.0,False,budget,1
A-6da850,Company_293,FinTech,IN,2023-10-07,organic,Pro,5,0,0,7363,1159.9375,37,16,1,1,1,annual,Pro,5.0,49.0,76.4,4.0,0.0,714,186370,54,10,8,3.0,0.0,False,0.0,False,budget,1
A-342303,Company_294,EdTech,US,2024-03-16,other,Pro,1,1,1,1372,565.0,28,3,0,0,1,annual,Basic,3.0,29.333333333333332,71.33333333333333,4.5,0.0,141,23149,5,7,1,1.0,0.0,False,0.0,False,features,1
A-e7a1e2,Company_295,Cybersecurity,US,2024-06-23,event,Enterprise,3,0,0,8756,1670.1666666666667,44,12,0,0,1,monthly,Pro,1.0,45.0,37.0,4.0,0.0,703,220928,36,7,3,3.0,6.2,True,0.0,True,budget,1
A-f1f639,Company_296,EdTech,US,2023-02-26,ads,Basic,2,0,0,1791,729.75,9,4,1,0,1,monthly,Enterprise,7.0,20.0,67.57142857142857,4.8,0.0,139,43097,10,5,4,2.0,0.0,True,0.0,False,competitor,1
A-a865bd,Company_297,Cybersecurity,US,2023-09-19,organic,Pro,38,0,0,7562,4204.4,68,5,0,0,1,annual,Pro,2.0,31.5,21.5,3.0,0.0,230,60120,13,8,3,2.0,0.0,False,0.0,False,unknown,1
A-4e631b,Company_298,FinTech,US,2024-03-16,other,Enterprise,22,0,1,7960,2218.0,40,11,1,1,1,monthly,Enterprise,2.0,24.5,52.0,4.0,0.0,502,154668,29,7,4,0.0,0.0,Unknown,0.0,Unknown,unknown,1
A-7f6b86,Company_299,HealthTech,US,2023-08-24,partner,Basic,45,1,1,11741,2155.777777777778,59,9,1,0,1,annual,Basic,7.0,40.42857142857143,96.57142857142856,3.6666666666666665,0.0,420,144249,14,7,3,1.0,5.27,False,0.0,False,pricing,1
A-8adedc,Company_300,EdTech,US,2024-02-11,event,Basic,4,1,0,11343,2023.428571428571,79,14,0,0,1,annual,Basic,4.0,49.25,56.75,4.0,0.0,583,165997,33,8,5,0.0,0.0,Unknown,0.0,Unknown,unknown,1
A-2edab2,Company_301,HealthTech,US,2023-11-17,event,Enterprise,17,0,0,3383,1139.0,17,10,1,0,1,monthly,Pro,4.0,30.0,102.25,3.0,0.0,487,160804,26,8,5,2.0,168.73,False,0.0,False,features,1
A-149a69,Company_302,DevTools,US,2024-10-17,event,Basic,34,0,0,6766,2686.0,34,3,0,0,1,monthly,Basic,8.0,33.875,120.875,4.2,0.0,208,59894,9,7,1,1.0,0.0,False,0.0,True,pricing,1
A-a6d261,Company_303,FinTech,CA,2023-11-29,other,Pro,9,0,0,20497,2727.9285714285716,103,14,1,0,1,annual,Basic,4.0,40.0,63.25,4.666666666666667,1.0,627,189235,29,11,6,1.0,99.94,False,0.0,True,unknown,1
A-443f6f,Company_304,Cybersecurity,US,2024-12-07,organic,Basic,19,0,0,3781,1510.4444444444443,38,9,1,0,1,annual,Pro,4.0,28.0,122.25,4.666666666666667,0.0,527,158149,28,10,4,0.0,0.0,Unknown,0.0,Unknown,unknown,1
A-202b67,Company_305,HealthTech,US,2024-03-22,organic,Pro,11,0,1,5771,2018.6666666666667,61,9,1,0,1,monthly,Pro,4.0,36.75,90.5,4.666666666666667,0.0,447,110514,40,9,5,2.0,78.87,False,0.0,False,features,1
A-00bed1,Company_306,Cybersecurity,US,2023-11-14,ads,Basic,28,1,0,9751,3350.6,61,10,1,0,1,annual,Pro,4.0,31.75,106.25,4.0,0.0,514,143734,27,7,2,1.0,21.17,False,0.0,False,unknown,1
A-ffc04f,Company_307,EdTech,US,2024-06-06,ads,Pro,13,0,0,3781,1335.9333333333334,55,15,0,1,1,monthly,Pro,7.0,17.714285714285715,58.57142857142857,4.5,1.0,857,277347,64,10,7,1.0,0.0,False,0.0,False,unknown,1
A-65c341,Company_308,FinTech,US,2023-12-26,ads,Pro,11,1,1,16716,3818.25,84,8,0,0,1,annual,Enterprise,5.0,41.4,87.8,4.0,0.0,410,147068,18,7,4,2.0,0.0,False,0.0,False,support,1
A-dcc2f0,Company_309,FinTech,UK,2023-07-22,organic,Basic,15,0,0,3184,1166.2,32,15,1,0,1,monthly,Basic,2.0,27.0,100.0,4.0,0.0,833,243699,26,9,8,1.0,0.0,False,0.0,True,features,0
A-ced9aa,Company_310,DevTools,US,2024-10-05,other,Enterprise,3,0,0,1194,568.3636363636364,22,11,0,0,1,monthly,Basic,7.0,28.857142857142858,102.85714285714286,3.0,0.0,531,166970,39,8,5,0.0,0.0,Unknown,0.0,Unknown,unknown,1
A-3d957b,Company_311,HealthTech,UK,2024-04-04,other,Pro,14,0,1,2786,1975.3333333333333,73,6,1,0,1,monthly,Pro,3.0,41.333333333333336,79.33333333333333,3.0,0.0,143,43699,13,6,3,1.0,0.0,False,0.0,False,budget,1
A-89ee83,Company_312,Cybersecurity,US,2024-10-04,organic,Pro,1,0,0,7960,2264.2727272727275,74,11,1,0,1,monthly,Enterprise,5.0,21.8,66.2,4.0,1.0,565,172626,26,9,6,0.0,0.0,Unknown,0.0,Unknown,unknown,1
A-883b7d,Company_313,Cybersecurity,IN,2024-03-28,other,Basic,17,0,1,9950,2543.6666666666665,78,12,0,0,1,annual,Pro,7.0,25.571428571428573,62.285714285714285,3.6,1.0,644,189514,40,9,7,0.0,0.0,Unknown,0.0,Unknown,unknown,1
A-dcc3f1,Company_314,HealthTech,US,2023-12-27,event,Pro,21,0,1,4378,1593.375,51,8,0,1,1,annual,Pro,9.0,35.666666666666664,83.44444444444444,3.8,0.0,500,137958,32,10,6,2.0,0.0,False,0.0,False,support,1
A-c62e55,Company_315,EdTech,US,2023-02-08,partner,Basic,1,1,0,2985,1322.4444444444443,56,9,1,0,1,monthly,Pro,4.0,27.5,101.25,4.0,0.0,337,87045,13,8,6,0.0,0.0,Unknown,0.0,Unknown,unknown,1
A-e4144b,Company_316,EdTech,UK,2024-10-22,other,Pro,41,0,0,8159,3542.4,79,10,1,0,1,annual,Enterprise,3.0,57.0,172.33333333333334,4.0,0.0,439,133397,21,7,5,0.0,0.0,Unknown,0.0,Unknown,unknown,1
A-e40f45,Company_317,HealthTech,US,2024-04-18,organic,Pro,21,0,0,4179,1689.2857142857142,44,7,1,0,1,annual,Basic,7.0,26.714285714285715,96.28571428571428,4.333333333333333,0.0,401,122954,26,10,5,1.0,101.23,False,0.0,False,budget,1
A-96215d,Company_318,FinTech,US,2024-08-08,event,Enterprise,10,0,1,3184,1718.6666666666667,21,6,1,0,1,monthly,Enterprise,1.0,25.0,115.0,3.0,0.0,347,104442,21,7,5,0.0,0.0,Unknown,0.0,Unknown,unknown,1
A-2b9d3e,Company_319,EdTech,US,2023-06-04,partner,Enterprise,1,0,0,1421,571.3333333333334,29,9,1,0,1,annual,Basic,3.0,34.666666666666664,79.33333333333333,5.0,0.0,444,142589,19,7,5,0.0,0.0,Unknown,0.0,Unknown,unknown,1
A-b7724f,Company_320,HealthTech,UK,2023-03-28,organic,Basic,1,0,1,1349,402.75,71,8,0,0,1,monthly,Basic,3.0,28.666666666666668,92.0,3.0,0.0,380,93251,16,7,2,3.0,242.55,True,0.0,True,unknown,1
A-310452,Company_321,DevTools,FR,2024-12-25,other,Enterprise,9,0,1,9950,2200.6,50,5,0,0,1,annual,Basic,5.0,34.2,113.6,3.6,0.0,268,65581,16,6,4,2.0,0.0,False,0.0,True,budget,1
A-eb1312,Company_322,FinTech,US,2024-09-16,partner,Pro,25,0,0,4975,1512.25,71,12,1,0,1,annual,Enterprise,1.0,68.0,117.0,5.0,0.0,663,188047,38,9,4,2.0,0.0,False,0.0,False,unknown,1
A-df1e44,Company_323,Cybersecurity,UK,2024-02-23,organic,Enterprise,12,0,1,3087,1191.5454545454545,63,11,1,1,1,monthly,Enterprise,2.0,53.0,109.5,5.0,0.0,420,122432,14,9,5,2.0,0.0,False,0.0,False,budget,1
A-6a7c9d,Company_324,Cybersecurity,US,2024-10-24,organic,Enterprise,26,0,0,5174,2605.6,47,5,0,0,1,monthly,Enterprise,3.0,34.333333333333336,60.0,4.0,0.0,189,65006,6,5,1,2.0,178.84,False,0.0,False,features,1
A-cbd1a3,Company_325,DevTools,US,2024-11-25,other,Basic,6,0,0,5572,1635.1,37,10,1,0,1,annual,Basic,4.0,34.5,81.75,4.0,0.0,465,128809,32,7,3,0.0,0.0,Unknown,0.0,Unknown,unknown,1
A-a8d89d,Company_326,EdTech,US,2023-12-08,ads,Pro,13,0,0,15522,2443.3333333333335,78,12,1,0,1,monthly,Basic,2.0,44.5,139.0,5.0,0.0,551,170966,26,9,5,2.0,0.0,False,0.0,False,pricing,1
A-600734,Company_327,DevTools,US,2023-11-14,organic,Pro,29,1,1,5771,1394.7692307692307,42,13,1,0,1,annual,Enterprise,7.0,52.57142857142857,89.42857142857143,3.6666666666666665,1.0,660,190076,30,8,11,0.0,0.0,Unknown,0.0,Unknown,unknown,1
A-86fc1d,Company_328,DevTools,UK,2024-07-26,partner,Basic,26,0,0,5572,1686.7777777777778,56,9,1,0,1,monthly,Enterprise,5.0,27.0,59.2,4.0,0.0,363,111108,26,6,3,1.0,0.0,False,0.0,True,support,1
A-78f02b,Company_329,HealthTech,US,2024-11-17,event,Enterprise,11,0,0,8771,3770.25,179,4,1,0,1,annual,Enterprise,4.0,45.75,55.0,4.0,0.0,211,62349,16,6,3,2.0,0.0,False,0.0,False,budget,1
A-acb7f7,Company_330,EdTech,US,2024-01-06,ads,Basic,32,0,0,6368,2714.5,41,12,1,1,1,annual,Enterprise,3.0,41.0,91.0,3.5,0.0,612,176628,36,8,10,1.0,0.0,False,0.0,True,competitor,1
A-712f1c,Company_331,DevTools,US,2023-12-16,ads,Basic,17,0,0,14925,3583.25,75,12,1,0,1,monthly,Pro,6.0,41.666666666666664,88.83333333333333,4.0,0.0,631,181302,34,8,5,1.0,68.99,False,0.0,False,budget,1
A-3793ee,Company_332,Cybersecurity,CA,2023-03-21,organic,Enterprise,49,1,1,9751,3815.0,49,7,1,1,1,monthly,Enterprise,4.0,43.75,100.25,4.0,0.0,352,97381,11,8,1,1.0,0.0,False,0.0,False,unknown,1
A-9a532a,Company_333,HealthTech,US,2024-07-06,partner,Enterprise,11,0,0,6567,2736.25,62,4,0,0,1,monthly,Enterprise,2.0,57.5,128.5,4.0,0.0,185,75595,15,9,4,0.0,0.0,Unknown,0.0,Unknown,unknown,0
A-2ebb4b,Company_334,HealthTech,US,2023-05-15,ads,Basic,41,0,1,12935,3068.8,65,10,1,0,1,annual,Pro,2.0,43.5,136.5,3.0,0.0,488,143502,33,7,7,3.0,0.0,True,0.0,True,pricing,1
A-6843f2,Company_335,HealthTech,CA,2024-12-10,ads,Enterprise,21,0,1,4179,1835.5555555555557,23,9,0,1,1,monthly,Basic,2.0,36.5,78.0,3.0,0.0,481,126424,17,8,3,0.0,0.0,Unknown,0.0,Unknown,unknown,1
A-c9bb3e,Company_336,EdTech,US,2024-03-24,ads,Pro,5,0,0,6027,1521.7,123,10,1,0,1,annual,Pro,7.0,27.714285714285715,86.14285714285714,4.2,1.0,474,171153,20,6,2,2.0,0.0,False,0.0,False,unknown,1
A-4814a3,Company_337,Cybersecurity,IN,2024-09-17,event,Basic,87,0,0,17313,7996.090909090909,87,11,1,1,1,monthly,Enterprise,4.0,18.75,97.0,4.0,1.0,587,168767,45,10,7,1.0,0.0,False,0.0,False,pricing,1
A-b7b7b7,Company_338,FinTech,US,2024-06-30,event,Basic,24,0,0,7761,2379.8333333333335,67,12,1,0,1,monthly,Pro,3.0,17.0,99.0,5.0,0.0,571,166390,26,6,6,0.0,0.0,Unknown,0.0,Unknown,unknown,1
A-ccc747,Company_339,HealthTech,FR,2024-01-12,event,Pro,16,0,0,1813,802.0,37,6,1,0,1,monthly,Pro,4.0,32.25,83.25,5.0,1.0,284,89582,13,8,3,3.0,104.25,False,0.0,True,budget,1
A-bb3bd4,Company_340,HealthTech,US,2024-01-27,ads,Basic,23,0,0,4577,1064.571428571429,23,7,1,0,1,annual,Basic,11.0,32.72727272727273,106.36363636363636,4.142857142857143,0.0,315,93609,11,7,1,2.0,0.0,False,0.0,True,pricing,1
A-09316c,Company_341,FinTech,AU,2024-09-11,organic,Enterprise,70,0,1,13930,6363.636363636364,70,11,1,0,1,annual,Basic,4.0,54.75,106.25,3.75,1.0,566,149461,31,8,5,1.0,0.0,False,0.0,False,unknown,1
A-96bbc6,Company_342,Cybersecurity,US,2024-05-07,organic,Enterprise,39,0,1,11144,3803.25,64,8,1,1,1,monthly,Pro,3.0,51.333333333333336,67.0,3.3333333333333335,0.0,482,152806,25,8,5,3.0,125.6,True,0.0,True,budget,1
A-bc4d48,Company_343,EdTech,US,2024-06-12,ads,Pro,35,1,1,6965,1770.0,35,7,1,0,1,annual,Basic,6.0,41.166666666666664,65.83333333333333,4.2,1.0,321,89391,9,6,1,0.0,0.0,Unknown,0.0,Unknown,unknown,1
A-b30291,Company_344,HealthTech,US,2024-04-05,event,Basic,5,1,0,3184,537.5,47,10,0,0,1,monthly,Basic,1.0,16.0,1.0,4.0,0.0,519,161097,31,8,8,1.0,277.54,False,0.0,False,competitor,0
A-cdf020,Company_345,DevTools,AU,2023-08-16,organic,Pro,23,0,0,4577,2259.0,45,8,1,0,1,monthly,Enterprise,4.0,29.5,39.25,4.0,0.0,379,119522,18,8,4,2.0,105.26,True,0.0,False,support,1
A-e6afc1,Company_346,DevTools,US,2023-02-24,ads,Pro,1,0,0,10149,2052.909090909091,85,11,0,0,1,annual,Pro,0.0,0.0,0.0,4.0,0.0,679,196287,30,9,6,0.0,0.0,Unknown,0.0,Unknown,unknown,0
A-e3bd71,Company_347,Cybersecurity,US,2023-03-25,partner,Basic,31,0,0,6169,3784.5454545454545,91,11,1,1,1,monthly,Enterprise,4.0,30.25,119.0,4.0,0.0,638,187024,27,7,3,1.0,0.0,False,0.0,False,support,1
A-b179bf,Company_348,Cybersecurity,IN,2024-10-27,ads,Basic,43,0,0,8557,3586.2,43,5,0,0,1,monthly,Pro,6.0,24.666666666666668,94.33333333333331,4.0,0.0,398,110855,18,9,5,3.0,0.0,False,0.0,False,support,1
A-098560,Company_349,DevTools,UK,2023-10-21,ads,Enterprise,1,0,0,5771,1120.5454545454545,40,11,1,0,1,monthly,Enterprise,2.0,28.0,100.0,3.0,1.0,567,174302,32,9,8,2.0,34.35,False,0.0,False,support,1
A-82861f,Company_350,DevTools,UK,2024-04-25,organic,Basic,41,0,1,10547,4363.3,53,10,0,0,1,annual,Pro,5.0,24.4,55.0,3.2,0.0,462,130873,43,8,4,1.0,0.0,False,0.0,False,support,1
A-94c3cd,Company_351,FinTech,CA,2023-09-20,other,Enterprise,32,0,1,6368,1506.0,45,6,0,0,1,monthly,Basic,4.0,44.75,116.5,3.5,1.0,306,104197,18,6,4,0.0,0.0,Unknown,0.0,Unknown,unknown,1
A-a33200,Company_352,HealthTech,US,2024-09-15,partner,Basic,29,0,0,5771,2409.4166666666665,51,12,1,0,1,annual,Pro,3.0,36.333333333333336,88.33333333333333,4.5,0.0,517,150997,26,8,5,1.0,21.61,False,0.0,True,features,1
A-034368,Company_353,EdTech,US,2023-11-05,event,Enterprise,19,0,0,5572,2238.8,29,5,0,0,1,monthly,Basic,5.0,41.2,91.8,4.0,0.0,265,80423,25,8,4,1.0,0.0,False,0.0,True,features,1
A-b54c01,Company_354,DevTools,US,2024-09-29,event,Enterprise,29,0,1,1421,848.25,29,4,0,0,1,annual,Pro,5.0,42.6,77.2,3.0,0.0,226,64973,17,5,3,1.0,0.0,False,0.0,True,budget,1
A-d82ef9,Company_355,EdTech,UK,2024-07-02,other,Basic,26,0,0,5174,1023.3571428571428,58,14,1,1,1,annual,Enterprise,5.0,39.8,91.6,4.25,1.0,679,194022,46,8,5,1.0,74.94,False,0.0,False,budget,1
A-bb2f49,Company_356,Cybersecurity,US,2023-05-28,other,Pro,8,0,0,9751,2180.909090909091,85,11,1,1,1,monthly,Pro,3.0,22.333333333333332,102.33333333333331,4.0,0.0,618,190070,42,8,2,0.0,0.0,Unknown,0.0,Unknown,unknown,1
A-1f559b,Company_357,HealthTech,US,2023-09-04,organic,Enterprise,5,1,1,5174,1175.6,59,10,0,1,1,annual,Pro,5.0,50.4,116.2,4.2,0.0,400,117267,27,6,4,1.0,0.0,False,0.0,False,features,1
A-5a215a,Company_358,EdTech,FR,2024-01-05,other,Enterprise,87,0,0,17313,7230.666666666667,87,18,1,0,1,monthly,Pro,4.0,29.5,38.0,4.0,0.0,807,271652,71,9,8,0.0,0.0,Unknown,0.0,Unknown,unknown,1
A-3f9cc0,Company_359,HealthTech,US,2024-06-03,event,Basic,22,0,0,5970,2848.5714285714284,30,7,1,1,1,monthly,Enterprise,5.0,34.8,112.6,4.5,1.0,407,124321,24,8,0,3.0,0.0,True,0.0,False,pricing,1
A-f9cc74,Company_360,DevTools,FR,2024-10-12,partner,Enterprise,30,1,1,5970,1555.7,53,10,1,0,1,monthly,Pro,6.0,49.833333333333336,118.33333333333331,4.0,0.0,484,130826,22,7,7,0.0,0.0,Unknown,0.0,Unknown,unknown,1
A-ed510f,Company_361,Cybersecurity,IN,2023-01-17,partner,Basic,42,0,1,8358,3616.2,42,10,1,0,1,annual,Enterprise,9.0,44.55555555555556,82.55555555555556,4.0,0.0,493,160744,28,7,5,1.0,0.0,False,0.0,False,budget,1
A-5c9849,Company_362,EdTech,IN,2024-11-03,partner,Basic,19,0,0,18109,4083.8888888888887,91,9,1,0,1,monthly,Pro,4.0,59.5,41.0,4.0,1.0,473,151483,23,9,2,1.0,0.0,False,0.0,False,unknown,0
A-a7bd4b,Company_363,Cybersecurity,US,2023-02-15,ads,Enterprise,5,0,1,2499,569.8181818181819,51,11,1,0,1,monthly,Basic,6.0,36.833333333333336,86.16666666666667,3.25,0.0,576,166772,37,7,5,1.0,0.0,False,0.0,False,features,1
A-d4ac0e,Company_364,DevTools,UK,2024-04-20,ads,Basic,18,0,0,5572,1450.3684210526317,156,19,1,0,1,annual,Basic,4.0,21.0,34.0,3.5,0.0,793,245619,53,8,9,0.0,0.0,Unknown,0.0,Unknown,unknown,1
A-ffdfd5,Company_365,EdTech,US,2024-04-13,organic,Basic,3,0,0,5970,1432.2,92,10,1,0,1,annual,Basic,0.0,0.0,0.0,4.0,0.0,529,139609,28,7,4,1.0,0.0,False,0.0,False,features,0
A-0dbdc6,Company_366,Cybersecurity,DE,2023-02-12,other,Pro,30,0,0,9950,3141.4444444444443,50,9,0,0,1,annual,Basic,4.0,47.0,95.25,5.0,0.0,512,155107,31,10,6,2.0,175.02,False,0.0,False,support,1
A-7cfe77,Company_367,DevTools,US,2024-07-10,ads,Pro,69,0,1,3381,2553.0,69,5,1,1,1,monthly,Pro,7.0,30.714285714285715,105.57142857142856,3.5,0.0,205,57582,11,7,1,2.0,0.0,False,0.0,False,unknown,1
A-1f0636,Company_368,EdTech,AU,2024-01-01,partner,Pro,105,0,0,20895,8610.0,105,11,1,0,1,annual,Basic,2.0,38.5,75.0,3.5,0.0,685,212120,30,10,4,0.0,0.0,Unknown,0.0,Unknown,unknown,1
A-40de06,Company_369,Cybersecurity,US,2023-05-08,event,Enterprise,28,0,0,5572,1803.875,62,16,1,1,1,monthly,Pro,3.0,40.333333333333336,67.66666666666667,4.0,0.0,902,267400,43,9,14,0.0,0.0,Unknown,0.0,Unknown,unknown,1
A-cb5333,Company_370,DevTools,US,2024-03-26,ads,Pro,33,0,0,6567,1641.0,51,16,0,1,1,monthly,Basic,4.0,30.75,85.75,3.0,0.0,796,263767,34,8,8,1.0,0.0,False,0.0,False,features,1
A-309e54,Company_371,DevTools,US,2024-12-09,other,Pro,15,0,0,11741,2595.3636363636365,71,11,0,1,1,monthly,Enterprise,5.0,23.8,90.2,3.0,0.0,509,168199,24,8,3,1.0,106.67,False,0.0,False,support,1
A-6e7827,Company_372,DevTools,US,2023-03-26,other,Basic,1,0,1,2450,927.1111111111112,50,9,1,0,1,monthly,Pro,2.0,51.0,83.5,3.5,0.0,419,123307,31,7,3,2.0,0.0,False,0.0,False,support,1
A-50bb9f,Company_373,Cybersecurity,US,2024-07-12,organic,Pro,2,0,0,6965,2157.875,54,8,1,0,1,monthly,Basic,7.0,33.285714285714285,74.71428571428571,4.0,0.0,276,99328,15,5,5,2.0,0.0,True,0.0,False,unknown,1
A-5fe118,Company_374,Cybersecurity,US,2024-11-07,other,Enterprise,39,0,1,7761,4458.0,123,5,0,0,1,annual,Pro,1.0,19.0,26.0,4.0,0.0,233,59902,12,5,5,1.0,114.86,False,0.0,False,features,1
A-5247b3,Company_375,FinTech,UK,2024-03-12,partner,Pro,16,1,0,3184,1071.909090909091,74,11,1,0,1,annual,Pro,5.0,45.8,96.6,4.0,0.0,610,177212,29,10,9,2.0,28.84,False,0.0,False,support,1
A-f44180,Company_376,Cybersecurity,UK,2023-02-13,event,Pro,9,0,0,17711,2617.090909090909,89,11,0,0,1,annual,Pro,2.0,46.5,123.0,5.0,0.0,520,164121,22,7,10,1.0,38.15,False,0.0,False,competitor,1
A-c16cf7,Company_377,EdTech,US,2024-10-16,event,Pro,13,1,0,4776,1227.4,84,10,0,0,1,annual,Basic,3.0,48.333333333333336,111.66666666666669,3.5,0.0,577,144846,26,11,8,2.0,0.0,False,0.0,True,budget,1
A-d42431,Company_378,FinTech,FR,2024-06-09,ads,Enterprise,22,1,1,4378,2351.1111111111113,91,9,1,1,1,annual,Basic,4.0,24.25,119.5,4.0,0.0,457,133864,34,7,6,2.0,17.42,False,0.0,True,budget,1
A-6965e1,Company_379,DevTools,US,2024-11-25,organic,Basic,13,0,0,7562,2313.75,38,12,1,1,1,annual,Enterprise,3.0,39.0,128.33333333333334,3.0,0.0,627,188154,29,8,4,3.0,0.0,False,0.0,False,budget,1
A-0354fe,Company_380,Cybersecurity,US,2024-10-22,other,Basic,34,0,0,6766,2210.0,34,7,1,0,1,annual,Enterprise,4.0,20.0,69.25,4.0,0.0,463,152435,30,10,3,2.0,0.0,False,0.0,False,unknown,1
A-0a62f5,Company_381,FinTech,UK,2024-09-11,partner,Pro,16,0,0,3184,1215.25,25,4,0,0,1,annual,Enterprise,2.0,33.5,105.0,4.0,0.0,244,74890,7,8,2,5.0,156.45000000000002,False,0.0,True,budget,0
A-f5641b,Company_382,EdTech,US,2024-03-30,other,Pro,31,0,0,8955,3912.0,45,10,1,1,1,monthly,Enterprise,4.0,47.5,98.0,3.0,1.0,438,141649,18,8,4,2.0,0.0,False,0.0,False,pricing,1
A-b44e3e,Company_383,Cybersecurity,UK,2024-02-12,ads,Basic,40,0,0,15721,6217.285714285715,79,7,1,0,1,annual,Enterprise,3.0,40.0,75.33333333333333,4.333333333333333,0.0,387,114913,13,7,4,1.0,0.0,False,0.0,False,unknown,1
A-3b37d9,Company_384,FinTech,US,2023-01-27,event,Enterprise,23,0,0,4577,2776.4285714285716,28,7,1,0,1,annual,Pro,5.0,36.0,89.8,4.5,0.0,451,128119,21,12,2,2.0,0.0,False,0.0,False,budget,1
A-54d94a,Company_385,Cybersecurity,IN,2023-05-01,event,Basic,27,0,0,2548,1141.5454545454545,55,11,1,1,1,annual,Pro,4.0,53.75,82.75,3.5,0.0,582,174162,28,7,7,0.0,0.0,Unknown,0.0,Unknown,unknown,1
A-7f29a7,Company_386,Cybersecurity,UK,2024-09-18,event,Basic,41,1,0,8159,1714.5454545454545,41,11,0,0,1,monthly,Pro,1.0,24.0,5.0,4.0,0.0,619,177209,38,9,9,1.0,23.97,False,0.0,True,unknown,1
A-089363,Company_387,FinTech,AU,2023-05-06,event,Basic,2,0,1,8557,1507.428571428571,43,14,1,0,1,annual,Enterprise,3.0,35.0,91.33333333333331,3.6666666666666665,0.0,628,196491,33,8,9,1.0,0.0,False,0.0,False,pricing,1
A-524364,Company_388,DevTools,FR,2024-12-31,partner,Enterprise,3,0,0,8557,1592.0,108,6,0,0,1,monthly,Pro,3.0,47.666666666666664,75.33333333333333,4.333333333333333,0.0,237,72569,24,5,2,0.0,0.0,Unknown,0.0,Unknown,unknown,1
A-855a48,Company_389,EdTech,US,2023-12-22,partner,Pro,14,1,1,11940,3797.0,60,8,0,1,1,monthly,Basic,5.0,39.6,122.0,3.6666666666666665,0.0,448,145908,16,8,7,1.0,7.92,False,0.0,False,unknown,1
A-756192,Company_390,FinTech,IN,2023-06-11,other,Basic,19,0,0,7761,2140.0,68,10,1,0,1,monthly,Basic,3.0,37.333333333333336,102.33333333333331,4.0,0.0,617,183585,43,9,3,0.0,0.0,Unknown,0.0,Unknown,unknown,1
A-49b828,Company_391,FinTech,IN,2023-05-05,ads,Pro,6,0,1,9751,2222.0,49,14,1,0,1,monthly,Basic,3.0,13.666666666666666,87.66666666666667,3.5,1.0,687,187183,45,8,10,0.0,0.0,Unknown,0.0,Unknown,unknown,1
A-c7ffc2,Company_392,Cybersecurity,US,2023-01-27,partner,Pro,30,1,0,6468,3009.3333333333335,132,12,1,0,1,monthly,Pro,2.0,64.0,86.0,3.0,0.0,640,200957,28,8,6,2.0,174.92,False,0.0,False,budget,1
A-751c58,Company_393,FinTech,UK,2024-07-18,organic,Basic,15,0,0,5174,1781.5454545454545,71,11,1,0,1,monthly,Pro,5.0,39.6,130.0,4.333333333333333,0.0,574,179405,12,8,3,3.0,64.22,True,0.0,False,budget,1
A-72799b,Company_394,DevTools,FR,2023-11-13,event,Enterprise,20,0,1,3980,1731.5,61,10,1,1,1,monthly,Enterprise,2.0,33.5,80.0,4.5,1.0,550,154998,34,8,10,1.0,0.0,False,0.0,True,pricing,1
A-812c5b,Company_395,DevTools,CA,2024-02-25,organic,Basic,55,0,0,10945,2298.769230769231,130,13,0,0,1,monthly,Basic,4.0,27.0,88.25,4.0,0.0,866,269595,46,12,11,1.0,11.83,False,0.0,False,support,1
A-69b156,Company_396,EdTech,US,2023-11-21,other,Pro,7,0,0,5572,1588.111111111111,28,9,0,1,1,monthly,Enterprise,7.0,32.0,100.57142857142856,4.0,0.0,360,102483,20,8,2,0.0,0.0,Unknown,0.0,Unknown,unknown,1
A-075038,Company_397,HealthTech,UK,2023-05-12,ads,Basic,17,0,1,5047,1350.642857142857,103,14,1,0,1,annual,Basic,2.0,43.5,54.0,3.0,0.0,743,198728,31,8,9,1.0,6.38,False,0.0,False,features,1
A-940b8b,Company_398,HealthTech,DE,2024-03-19,organic,Basic,1,0,1,6368,1205.0,56,8,1,1,1,annual,Enterprise,3.0,41.333333333333336,89.33333333333333,4.0,0.0,362,121184,32,7,3,0.0,0.0,Unknown,0.0,Unknown,unknown,1
A-2d1036,Company_399,FinTech,US,2024-06-14,ads,Pro,69,0,1,13731,4973.307692307692,69,13,0,1,1,annual,Enterprise,5.0,37.8,49.0,4.6,1.0,692,181335,40,8,10,2.0,39.09,True,0.0,True,budget,1
A-0f6450,Company_400,FinTech,US,2024-12-27,other,Pro,28,1,1,5572,2163.6363636363635,28,11,0,0,1,monthly,Basic,8.0,29.75,81.625,3.8333333333333335,1.0,539,174670,39,8,8,2.0,0.0,False,0.0,False,competitor,1
A-9affe6,Company_401,Cybersecurity,US,2023-03-22,other,Pro,7,0,0,1421,966.9090909090908,56,11,1,0,1,monthly,Basic,3.0,58.0,76.0,3.0,0.0,473,144853,16,6,3,1.0,83.06,False,0.0,False,features,1
A-80eeb6,Company_402,Cybersecurity,UK,2023-05-09,organic,Enterprise,22,0,1,17711,4280.5625,89,16,1,1,1,annual,Enterprise,4.0,40.25,68.25,3.6666666666666665,1.0,725,221904,43,8,9,2.0,0.0,False,0.0,False,budget,1
A-d4e0d4,Company_403,FinTech,US,2024-10-18,other,Basic,117,0,1,23283,13806.0,117,10,1,1,1,monthly,Pro,4.0,39.25,76.25,4.0,0.0,488,144771,33,7,6,0.0,0.0,Unknown,0.0,Unknown,unknown,1
A-c7e58b,Company_404,HealthTech,IN,2023-06-25,other,Pro,3,0,0,1990,769.1428571428571,16,7,0,0,1,annual,Basic,5.0,30.6,98.4,3.5,0.0,343,105853,18,9,1,0.0,0.0,Unknown,0.0,Unknown,unknown,1
A-016043,Company_405,EdTech,CA,2024-07-31,organic,Basic,4,1,1,4776,1501.4545454545455,59,11,1,0,1,annual,Enterprise,3.0,30.333333333333332,78.0,4.0,0.0,490,132075,21,6,3,1.0,84.75,False,0.0,False,competitor,1
A-bbe56f,Company_406,HealthTech,US,2023-02-16,ads,Enterprise,21,0,0,4179,1205.0,22,5,1,0,1,annual,Basic,4.0,26.25,120.5,4.0,0.0,232,60604,8,6,4,0.0,0.0,Unknown,0.0,Unknown,unknown,1
A-7c5768,Company_407,HealthTech,UK,2024-03-02,event,Enterprise,3,0,0,1178,376.55555555555554,62,9,0,0,1,annual,Basic,5.0,28.8,96.4,4.0,0.0,461,142276,31,8,4,0.0,0.0,Unknown,0.0,Unknown,unknown,1
A-751bd4,Company_408,Cybersecurity,UK,2024-07-12,partner,Pro,10,0,1,190,95.0,35,2,0,0,1,annual,Basic,6.0,23.166666666666668,112.0,4.25,1.0,92,32629,0,7,0,1.0,0.0,False,0.0,False,budget,1
A-4e0e85,Company_409,DevTools,US,2023-09-08,organic,Enterprise,6,0,0,1862,568.0,104,8,1,0,1,monthly,Enterprise,2.0,53.0,119.5,5.0,0.0,288,80419,9,5,2,2.0,0.0,False,0.0,False,competitor,1
A-ad3abd,Company_410,FinTech,US,2023-03-03,event,Pro,44,0,1,8756,2413.714285714286,44,7,0,0,1,monthly,Basic,3.0,13.0,70.33333333333333,3.0,0.0,296,94866,11,7,1,1.0,0.0,False,0.0,False,competitor,1
A-e19ff6,Company_411,Cybersecurity,UK,2023-07-28,partner,Enterprise,1,0,0,1960,409.1666666666667,43,12,1,0,1,monthly,Enterprise,3.0,30.666666666666668,115.0,4.666666666666667,0.0,456,144844,24,5,1,3.0,0.0,False,0.0,False,competitor,1
A-7920cc,Company_412,Cybersecurity,FR,2023-11-23,ads,Pro,39,0,0,13731,3255.5625,69,16,1,0,1,annual,Enterprise,7.0,32.857142857142854,113.42857142857144,4.333333333333333,0.0,601,177512,28,7,4,0.0,0.0,Unknown,0.0,Unknown,unknown,1
A-5a92e7,Company_413,HealthTech,US,2024-06-11,ads,Pro,4,0,0,2107,666.8947368421053,43,19,0,0,1,monthly,Enterprise,7.0,45.0,86.14285714285714,4.4,0.0,885,276337,76,7,8,2.0,0.0,False,0.0,True,features,1
A-fdfc91,Company_414,Cybersecurity,US,2023-05-06,ads,Basic,29,0,0,9353,2061.2,111,10,1,0,1,annual,Pro,5.0,28.8,121.0,3.6666666666666665,0.0,564,158143,29,12,1,0.0,0.0,Unknown,0.0,Unknown,unknown,1
A-1e50e0,Company_415,Cybersecurity,DE,2023-02-21,other,Pro,19,1,1,4802,2659.0,98,5,1,0,1,annual,Pro,2.0,20.5,143.0,5.0,1.0,194,62650,15,6,2,2.0,54.94,False,0.0,False,pricing,1
A-1e1b80,Company_416,FinTech,CA,2023-09-12,other,Enterprise,50,0,1,9950,4053.9166666666665,53,12,1,0,1,annual,Pro,6.0,43.0,67.5,3.2,0.0,682,209315,47,9,2,3.0,0.0,False,0.0,False,competitor,1
A-659280,Company_417,FinTech,IN,2023-11-17,event,Enterprise,13,1,0,6169,1787.5,62,12,1,0,1,annual,Enterprise,4.0,8.0,123.75,4.333333333333333,0.0,613,186122,34,11,6,2.0,27.75,False,0.0,False,features,1
A-f6b2fb,Company_418,DevTools,AU,2024-04-23,event,Basic,23,0,1,9751,2335.9,49,10,1,1,1,monthly,Enterprise,5.0,55.0,88.6,4.0,1.0,524,158412,37,10,8,1.0,0.0,False,0.0,True,support,1
A-cb6cc6,Company_419,DevTools,US,2023-04-03,ads,Basic,13,1,1,1225,374.57142857142856,25,7,1,0,1,annual,Pro,3.0,16.333333333333332,131.66666666666666,3.5,0.0,314,101719,26,8,0,0.0,0.0,Unknown,0.0,Unknown,unknown,1
A-d62e02,Company_420,Cybersecurity,US,2024-08-20,partner,Pro,6,0,1,5373,2132.4,32,10,1,1,1,monthly,Enterprise,1.0,36.0,31.0,4.0,0.0,344,126757,23,6,4,0.0,0.0,Unknown,0.0,Unknown,unknown,1
A-d535f6,Company_421,DevTools,US,2024-09-03,organic,Basic,12,1,1,2388,823.8888888888889,54,9,1,1,1,monthly,Enterprise,0.0,0.0,0.0,4.0,0.0,477,146053,29,9,4,2.0,0.0,False,0.0,True,unknown,0
A-39868b,Company_422,FinTech,AU,2024-03-17,partner,Pro,9,0,0,1791,838.8,17,5,1,0,1,annual,Pro,6.0,39.0,100.83333333333331,4.25,0.0,305,106292,21,7,5,2.0,0.0,True,0.0,True,unknown,1
A-3cc791,Company_423,EdTech,US,2024-01-10,other,Enterprise,6,0,1,4378,1065.25,36,8,0,0,1,monthly,Basic,6.0,48.333333333333336,95.83333333333331,4.25,1.0,447,149032,30,8,5,1.0,0.0,True,0.0,False,features,1
A-337bc1,Company_424,Cybersecurity,US,2023-07-19,organic,Pro,30,1,1,6766,2768.4285714285716,86,7,1,1,1,annual,Enterprise,4.0,32.5,62.75,4.0,1.0,425,141115,34,9,4,2.0,0.0,False,0.0,False,unknown,1
A-58b9ff,Company_425,DevTools,IN,2024-05-31,partner,Enterprise,2,0,1,15124,1741.6923076923076,76,13,1,1,1,monthly,Pro,2.0,66.0,79.0,4.0,1.0,667,200727,32,8,7,1.0,0.0,False,0.0,False,pricing,1
A-bf7919,Company_426,HealthTech,US,2024-11-27,organic,Pro,3,0,0,735,260.0,15,6,0,0,1,annual,Enterprise,2.0,14.5,81.5,5.0,0.0,262,77458,14,7,4,2.0,0.0,False,0.0,False,features,1
A-1d5444,Company_427,Cybersecurity,US,2024-01-18,partner,Basic,24,0,0,8159,2211.285714285714,41,14,1,0,1,annual,Pro,2.0,30.0,62.5,4.0,0.0,592,182031,35,7,6,1.0,0.0,False,0.0,False,support,1
A-0f3e88,Company_428,HealthTech,US,2023-07-23,other,Basic,7,0,0,2189,511.27272727272725,24,11,1,0,1,monthly,Basic,3.0,48.0,67.0,4.5,0.0,598,176630,28,8,6,1.0,0.0,False,0.0,False,budget,1
A-7641d3,Company_429,EdTech,US,2023-02-16,partner,Pro,8,1,0,2989,1096.3636363636365,76,11,0,1,1,annual,Enterprise,5.0,45.2,124.6,4.333333333333333,2.0,519,164755,26,7,4,2.0,131.39999999999998,False,0.0,True,support,1
A-cd458b,Company_430,DevTools,US,2024-06-15,other,Basic,10,1,0,9353,2886.0666666666666,47,15,0,1,1,monthly,Enterprise,5.0,38.4,81.2,4.6,0.0,864,266624,45,9,2,1.0,0.0,False,0.0,False,budget,1
A-c16b88,Company_431,HealthTech,US,2023-12-02,event,Enterprise,23,0,0,8955,2259.777777777778,45,9,1,0,1,monthly,Pro,3.0,48.333333333333336,137.66666666666666,3.0,0.0,457,154959,24,8,6,1.0,0.0,False,0.0,True,competitor,1
A-59f724,Company_432,HealthTech,US,2023-11-03,other,Enterprise,3,1,0,4378,814.4166666666666,77,12,1,0,1,annual,Basic,4.0,19.25,94.5,4.25,0.0,696,221691,47,8,6,0.0,0.0,Unknown,0.0,Unknown,unknown,1
A-87aa7b,Company_433,HealthTech,US,2024-05-16,organic,Pro,24,1,1,4776,1430.0625,56,16,1,1,1,monthly,Pro,3.0,27.333333333333332,72.66666666666667,4.0,1.0,742,210545,35,8,6,3.0,136.0,False,0.0,True,budget,0
A-1e6fc3,Company_434,EdTech,FR,2023-12-06,other,Pro,1,0,1,245,111.0,11,4,0,0,1,annual,Pro,5.0,23.8,88.6,3.6666666666666665,0.0,244,85274,19,6,1,1.0,0.0,False,0.0,False,pricing,1
A-39ddf4,Company_435,EdTech,US,2024-12-05,partner,Enterprise,40,0,1,7960,3981.777777777778,44,9,0,0,1,annual,Pro,5.0,23.0,76.2,4.25,0.0,455,139654,36,6,6,1.0,0.0,False,0.0,False,support,1
A-34ea2f,Company_436,HealthTech,US,2024-08-15,organic,Enterprise,8,0,1,4179,1215.25,83,12,1,0,1,annual,Basic,8.0,35.25,65.625,3.8,0.0,550,175157,30,7,3,2.0,1.85,False,0.0,True,unknown,1
A-716841,Company_437,FinTech,US,2024-05-06,other,Pro,45,0,0,8955,3279.25,161,8,0,0,1,annual,Basic,5.0,29.8,112.8,4.0,0.0,344,111161,13,6,1,1.0,0.0,False,0.0,False,unknown,1
A-558c72,Company_438,FinTech,US,2023-06-01,organic,Basic,12,0,0,2985,1310.142857142857,77,7,1,0,1,annual,Pro,4.0,64.25,79.25,4.5,1.0,296,83537,16,8,4,1.0,43.01,False,0.0,False,support,1
A-b11cd0,Company_439,DevTools,US,2023-01-20,ads,Pro,26,1,1,1764,801.0,36,6,0,0,1,monthly,Pro,4.0,38.5,140.75,4.0,0.0,278,85711,16,6,1,0.0,0.0,Unknown,0.0,Unknown,unknown,1
A-cc1d8d,Company_440,FinTech,US,2024-12-08,other,Pro,5,0,0,1596,688.2307692307693,84,13,1,1,1,annual,Enterprise,5.0,30.2,99.2,4.5,0.0,618,204365,48,8,11,2.0,217.22,False,0.0,False,unknown,1
A-7f4db3,Company_441,FinTech,US,2023-03-05,other,Pro,4,0,1,8955,1751.7333333333331,79,15,0,1,1,annual,Enterprise,5.0,16.6,91.4,3.25,1.0,844,278000,46,9,6,1.0,0.0,False,0.0,True,support,1
A-db5e9e,Company_442,DevTools,US,2024-11-09,partner,Basic,4,0,0,3383,1156.375,42,8,0,1,1,annual,Pro,2.0,66.0,97.5,5.0,0.0,586,170855,27,9,7,1.0,0.0,False,0.0,False,pricing,1
A-cc102e,Company_443,HealthTech,US,2024-04-15,partner,Enterprise,13,0,1,2985,1006.3,42,10,1,0,1,annual,Enterprise,4.0,33.25,109.0,4.333333333333333,0.0,394,121564,39,6,5,3.0,111.16,False,0.0,False,pricing,1
A-82d8a6,Company_444,Cybersecurity,UK,2024-11-28,ads,Basic,5,0,0,13532,1645.0588235294117,68,17,1,1,1,annual,Enterprise,5.0,42.2,112.0,3.5,0.0,661,198538,38,9,9,1.0,0.0,False,0.0,False,features,1
A-dec005,Company_445,HealthTech,US,2023-10-13,partner,Pro,21,0,1,10746,3074.4,54,10,1,0,1,monthly,Enterprise,2.0,59.0,152.0,3.0,0.0,475,145213,44,7,6,1.0,0.0,False,0.0,False,support,1
A-5790f4,Company_446,FinTech,UK,2024-12-22,event,Pro,1,1,1,12537,3154.3333333333335,63,6,0,0,1,monthly,Enterprise,4.0,44.0,57.25,4.0,1.0,321,95888,26,8,2,3.0,444.1,False,0.0,True,competitor,1
A-7c83a1,Company_447,Cybersecurity,US,2024-05-06,partner,Pro,12,0,0,5174,1394.25,48,12,0,1,1,annual,Enterprise,4.0,42.0,86.25,4.0,0.0,632,203509,23,8,4,1.0,0.0,False,0.0,True,unknown,1
A-297a2d,Company_448,HealthTech,UK,2023-05-05,event,Pro,27,0,1,7164,2874.6,36,5,1,0,1,annual,Enterprise,2.0,32.5,84.5,3.0,0.0,244,70412,22,6,6,0.0,0.0,Unknown,0.0,Unknown,unknown,1
A-4c56c9,Company_449,FinTech,US,2023-12-20,partner,Enterprise,9,0,0,9751,2343.923076923077,52,13,0,0,1,annual,Enterprise,5.0,38.6,68.2,3.75,0.0,623,195927,38,8,7,1.0,44.23,False,0.0,True,budget,1
A-cbbe12,Company_450,Cybersecurity,DE,2023-03-22,partner,Enterprise,40,0,0,7960,2180.1666666666665,49,6,1,1,1,monthly,Pro,6.0,38.0,74.5,4.25,0.0,178,49983,10,5,0,0.0,0.0,Unknown,0.0,Unknown,unknown,1
A-4a267b,Company_451,FinTech,US,2024-05-05,other,Pro,25,0,1,12537,2968.7,63,10,1,1,1,monthly,Basic,4.0,16.25,105.0,4.333333333333333,0.0,498,150984,22,7,7,1.0,64.54,False,0.0,False,support,1
A-bcbe98,Company_452,Cybersecurity,US,2024-07-29,other,Enterprise,46,0,0,9154,1969.6363636363635,46,11,1,1,1,annual,Pro,7.0,38.285714285714285,61.57142857142857,4.0,1.0,635,173619,43,8,12,1.0,0.0,False,0.0,False,competitor,1
A-427b69,Company_453,FinTech,US,2024-08-23,other,Basic,17,0,0,6766,1995.8,36,10,0,0,1,annual,Pro,2.0,31.5,109.5,3.0,0.0,698,215804,36,11,11,0.0,0.0,Unknown,0.0,Unknown,unknown,1
A-0be015,Company_454,FinTech,US,2024-10-15,event,Pro,19,0,0,456,235.6,26,5,0,0,1,monthly,Basic,7.0,40.285714285714285,84.85714285714286,4.2,1.0,297,88205,13,7,3,1.0,74.68,False,0.0,False,unknown,1
A-054577,Company_455,EdTech,UK,2024-04-28,ads,Basic,2,0,0,16915,2787.5625,90,16,1,1,1,monthly,Basic,1.0,46.0,70.0,4.0,0.0,833,219747,52,9,10,0.0,0.0,Unknown,0.0,Unknown,unknown,1
A-bc87bc,Company_456,FinTech,US,2024-07-17,event,Pro,3,0,0,6169,1504.0,31,8,0,0,1,annual,Basic,7.0,40.57142857142857,112.0,3.75,0.0,394,135160,14,10,3,0.0,0.0,Unknown,0.0,Unknown,unknown,1
A-0f7d77,Company_457,FinTech,IN,2024-10-28,partner,Pro,3,0,0,1393,387.6666666666667,11,6,0,0,1,monthly,Pro,5.0,27.2,74.6,5.0,0.0,298,93933,19,5,1,1.0,0.0,True,0.0,False,competitor,1
A-e7beab,Company_458,EdTech,DE,2023-10-20,organic,Enterprise,5,0,0,4179,1618.857142857143,58,7,0,0,1,monthly,Pro,6.0,36.666666666666664,124.66666666666669,4.0,0.0,373,131074,17,7,2,1.0,0.0,False,0.0,False,features,1
A-a09355,Company_459,FinTech,US,2024-08-10,organic,Basic,14,0,0,6567,2133.75,33,16,0,1,1,annual,Basic,5.0,32.6,66.6,4.0,0.0,788,217064,47,8,8,2.0,135.11,False,0.0,True,support,1
A-31ab9a,Company_460,FinTech,DE,2024-03-03,organic,Pro,3,0,1,5771,2257.4285714285716,73,7,0,0,1,monthly,Enterprise,7.0,43.142857142857146,67.71428571428571,3.5,0.0,340,129917,23,7,4,2.0,0.0,True,0.0,False,budget,1
A-0158bb,Company_461,FinTech,DE,2024-05-22,partner,Basic,5,0,0,2205,678.3333333333334,45,6,1,0,1,monthly,Basic,1.0,32.0,50.0,3.0,0.0,364,122051,22,8,3,0.0,0.0,Unknown,0.0,Unknown,unknown,1
A-f19b24,Company_462,Cybersecurity,US,2023-01-10,organic,Pro,29,1,1,1421,841.0,29,3,0,0,1,monthly,Pro,2.0,35.5,74.0,4.0,1.0,119,46012,10,6,0,0.0,0.0,Unknown,0.0,Unknown,unknown,1
A-798a3f,Company_463,DevTools,FR,2023-10-19,other,Enterprise,12,0,0,5174,1572.4444444444443,42,9,1,0,1,monthly,Enterprise,5.0,33.0,45.2,4.0,0.0,352,105146,19,6,3,1.0,0.0,False,0.0,False,support,1
A-42b791,Company_464,FinTech,AU,2024-05-20,event,Pro,3,0,0,14925,2722.8571428571427,75,7,0,0,1,annual,Enterprise,3.0,33.666666666666664,72.0,4.0,0.0,312,84693,6,7,2,0.0,0.0,Unknown,0.0,Unknown,unknown,1
A-068fc6,Company_465,EdTech,US,2023-07-17,event,Enterprise,35,0,0,6965,2908.5,35,10,1,0,1,monthly,Pro,5.0,38.8,121.4,4.333333333333333,0.0,598,189037,29,10,5,0.0,0.0,Unknown,0.0,Unknown,unknown,1
A-6f50ae,Company_466,FinTech,US,2023-09-21,partner,Pro,19,0,0,9950,1900.571428571429,50,14,0,1,1,monthly,Pro,5.0,31.0,87.4,4.5,0.0,811,240012,48,9,5,2.0,0.0,True,0.0,False,unknown,1
A-a2485e,Company_467,FinTech,US,2024-08-04,event,Pro,3,1,1,3383,1462.5,68,6,0,1,1,annual,Enterprise,0.0,0.0,0.0,4.0,0.0,317,102647,13,6,5,0.0,0.0,Unknown,0.0,Unknown,unknown,0
A-bb1eaa,Company_468,Cybersecurity,US,2024-06-11,organic,Basic,21,0,0,4179,2076.2,25,5,0,1,1,annual,Basic,6.0,23.5,92.33333333333331,4.5,0.0,164,45337,7,5,2,1.0,0.0,False,0.0,False,pricing,1
A-cc98bc,Company_469,DevTools,US,2023-05-24,ads,Basic,32,0,0,6368,2156.7,57,10,1,0,1,annual,Pro,3.0,4.666666666666667,122.33333333333331,4.0,0.0,551,160470,24,10,3,0.0,0.0,Unknown,0.0,Unknown,unknown,1
A-d77f4c,Company_470,DevTools,US,2023-09-25,partner,Pro,4,1,0,18706,3480.4285714285716,94,14,1,1,1,monthly,Enterprise,2.0,31.0,75.0,4.0,0.0,617,182046,32,8,6,3.0,0.0,False,0.0,False,budget,1
A-ccabf0,Company_471,HealthTech,IN,2023-11-06,organic,Pro,1,0,0,11741,2237.9,59,10,0,1,1,annual,Pro,4.0,46.25,89.75,3.6666666666666665,0.0,506,169088,29,9,8,2.0,0.0,False,0.0,True,competitor,1
A-700ade,Company_472,Cybersecurity,UK,2024-10-31,organic,Enterprise,1,1,0,9552,2109.375,50,8,0,0,1,annual,Enterprise,4.0,30.25,53.5,4.666666666666667,0.0,284,85381,18,6,2,0.0,0.0,Unknown,0.0,Unknown,unknown,1
A-4a4c2d,Company_473,DevTools,US,2023-05-02,event,Enterprise,54,0,0,10746,2612.769230769231,54,13,1,1,1,monthly,Pro,5.0,42.0,104.0,4.25,0.0,587,164208,37,9,1,0.0,0.0,Unknown,0.0,Unknown,unknown,1
A-b7ef83,Company_474,Cybersecurity,UK,2024-05-29,partner,Pro,1,1,1,8955,2391.2,45,15,1,0,1,monthly,Enterprise,2.0,47.5,79.0,4.0,0.0,738,216777,39,7,8,2.0,60.25,True,0.0,True,unknown,1
A-e08cd3,Company_475,FinTech,US,2024-09-21,ads,Pro,67,1,1,13333,6456.363636363636,67,11,0,1,1,monthly,Enterprise,8.0,30.375,93.0,4.0,0.0,432,138064,21,9,7,2.0,0.0,False,0.0,False,features,1
A-19b2c8,Company_476,DevTools,IN,2023-06-06,other,Pro,20,0,0,5572,2054.076923076923,33,13,1,0,1,monthly,Pro,3.0,29.333333333333332,90.0,4.666666666666667,0.0,601,188401,34,8,4,1.0,0.0,False,0.0,False,pricing,1
A-970c97,Company_477,HealthTech,DE,2024-03-01,other,Enterprise,14,0,1,5572,1922.625,29,8,0,1,1,monthly,Enterprise,1.0,61.0,139.0,5.0,0.0,444,133732,24,7,2,0.0,0.0,Unknown,0.0,Unknown,unknown,1
A-6dee43,Company_478,FinTech,UK,2023-08-12,other,Basic,3,1,1,15920,2070.0,80,11,1,0,1,annual,Basic,5.0,44.2,48.8,4.333333333333333,0.0,461,142536,11,7,2,1.0,143.8,False,0.0,False,pricing,1
A-5ed98d,Company_479,DevTools,US,2024-06-22,partner,Basic,24,0,0,4776,1934.75,54,8,1,0,1,monthly,Pro,5.0,35.8,91.8,5.0,0.0,312,90314,18,7,2,2.0,0.0,False,0.0,False,competitor,1
A-c58f49,Company_480,EdTech,US,2024-07-31,other,Enterprise,70,1,1,13930,10140.0,70,7,1,0,1,monthly,Basic,3.0,36.333333333333336,60.0,5.0,1.0,363,108540,22,7,3,3.0,159.96,False,0.0,True,unknown,1
A-9c18c4,Company_481,HealthTech,US,2023-07-27,ads,Pro,11,0,0,3781,1782.3,19,10,1,0,1,annual,Pro,4.0,42.25,130.25,4.0,0.0,556,178453,37,8,4,0.0,0.0,Unknown,0.0,Unknown,unknown,1
A-cc8c8f,Company_482,DevTools,US,2024-06-16,ads,Enterprise,23,0,1,5572,2228.5714285714284,48,7,1,1,1,annual,Enterprise,2.0,14.5,123.0,3.5,0.0,268,66983,18,6,1,1.0,0.0,False,0.0,True,budget,1
A-5f7781,Company_483,DevTools,US,2024-08-20,other,Pro,22,0,0,4378,2050.4,85,5,1,0,1,monthly,Pro,2.0,28.5,42.0,4.0,0.0,183,69505,10,6,2,1.0,0.0,False,0.0,False,pricing,1
A-e1b9cd,Company_484,DevTools,US,2023-02-26,event,Pro,40,0,0,7960,2469.4666666666667,100,15,0,1,1,monthly,Basic,1.0,35.0,115.0,3.0,0.0,840,243616,47,8,9,1.0,0.0,False,0.0,False,unknown,1
A-ac85cd,Company_485,EdTech,US,2024-07-31,partner,Enterprise,53,0,0,12139,3438.9166666666665,85,12,1,1,1,annual,Basic,3.0,33.666666666666664,76.33333333333333,3.5,0.0,634,176002,29,10,5,2.0,186.33,True,0.0,False,pricing,1
A-d792a6,Company_486,DevTools,US,2023-01-23,organic,Enterprise,4,0,0,12935,1536.6,65,15,1,1,1,annual,Pro,5.0,40.6,97.8,4.0,0.0,690,203395,40,7,7,2.0,0.0,False,0.0,False,competitor,1
A-ac9111,Company_487,HealthTech,US,2023-08-12,event,Pro,21,1,0,6368,1664.125,56,16,0,1,1,monthly,Enterprise,3.0,24.666666666666668,89.66666666666667,5.0,0.0,808,254330,46,9,10,1.0,0.0,False,0.0,True,budget,1
A-18793f,Company_488,EdTech,US,2024-12-18,organic,Basic,148,1,1,29452,7144.363636363636,148,11,1,0,1,monthly,Pro,5.0,45.2,101.6,3.8,0.0,486,168310,20,8,4,1.0,25.41,False,0.0,True,support,1
A-9f0b68,Company_489,EdTech,US,2024-04-28,ads,Basic,10,0,1,6766,2376.5,36,12,1,1,1,monthly,Enterprise,3.0,30.333333333333332,96.33333333333331,3.0,0.0,709,194123,33,12,12,2.0,0.0,False,0.0,True,pricing,1
A-d3c88e,Company_490,DevTools,US,2024-10-18,event,Pro,16,0,0,9353,2014.076923076923,47,13,1,0,1,annual,Pro,3.0,58.0,48.0,4.0,0.0,644,204483,48,7,11,1.0,0.0,False,0.0,False,support,1
A-ccb686,Company_491,DevTools,US,2024-01-22,other,Basic,10,0,0,10547,1795.0833333333333,53,12,1,1,1,monthly,Enterprise,1.0,67.0,30.0,4.0,0.0,721,203848,46,8,8,3.0,25.92,False,0.0,True,unknown,1
A-118f1c,Company_492,Cybersecurity,US,2024-10-31,other,Pro,32,0,1,25472,6520.0,128,8,0,0,1,monthly,Basic,1.0,64.0,141.0,3.0,0.0,369,96816,14,6,2,1.0,0.0,False,0.0,False,budget,1
A-0e966d,Company_493,FinTech,IN,2024-06-25,ads,Basic,11,0,0,4577,1131.3636363636365,57,11,0,0,1,annual,Pro,3.0,31.666666666666668,95.33333333333331,4.5,1.0,636,197685,34,10,11,0.0,0.0,Unknown,0.0,Unknown,unknown,1
A-b9f5b1,Company_494,Cybersecurity,US,2023-01-24,other,Pro,15,1,1,2985,1010.2857142857144,43,7,0,0,1,annual,Enterprise,6.0,31.833333333333332,75.66666666666667,3.3333333333333335,1.0,307,90576,12,6,3,1.0,0.0,False,0.0,False,features,1
A-8ae3fc,Company_495,DevTools,CA,2024-06-28,ads,Pro,9,0,1,1666,555.875,88,8,0,0,1,monthly,Basic,4.0,39.5,65.5,3.5,0.0,402,130242,30,7,5,1.0,0.0,False,0.0,False,budget,1
A-55f257,Company_496,FinTech,US,2023-12-21,organic,Basic,9,0,0,4577,1213.7,38,10,1,0,1,annual,Pro,6.0,43.166666666666664,114.5,5.0,0.0,476,145972,25,8,6,0.0,0.0,Unknown,0.0,Unknown,unknown,1
A-d26ab4,Company_497,DevTools,UK,2024-11-07,organic,Basic,9,0,0,6567,1845.888888888889,62,9,0,1,1,monthly,Pro,2.0,49.5,110.0,4.0,0.0,458,121379,24,6,3,1.0,86.02,False,0.0,False,pricing,1
A-712533,Company_498,EdTech,US,2023-07-31,organic,Pro,18,0,0,3582,1615.1666666666667,70,12,1,0,1,annual,Pro,5.0,37.4,97.2,3.75,0.0,571,180056,35,7,4,1.0,0.0,False,0.0,True,unknown,1
A-781cc0,Company_499,EdTech,US,2024-09-04,organic,Pro,12,0,0,4378,1144.6875,34,16,1,0,1,annual,Enterprise,4.0,57.5,106.0,3.6666666666666665,0.0,864,270008,42,13,7,2.0,0.0,False,0.0,True,support,1
