account_id,account_name,industry,country,plan_tier,signup_date,tenure_days,max_mrr,is_trial,billing_frequency,total_usage_count,mean_satisfaction,health_score,risk_score,engagement_segment,actual_churn,churn_probability,predicted_churn,risk_category,revenue_at_risk
A-2e4581,Company_0,EdTech,US,Basic,2024-10-16,550,5771,0,monthly,535,3.0,43.2,10.0,At Risk,0,0.4859,0,Medium,12603
A-43a9e3,Company_1,FinTech,IN,Basic,2023-08-17,976,5572,0,annual,355,4.0,57.3,25.0,Healthy,0,0.221,0,Low,10004
A-0a282f,Company_2,DevTools,US,Basic,2024-08-27,600,5771,0,annual,821,4.666666666666667,72.2,25.0,Champion,0,0.2058,0,Low,18286
A-1f0ac7,Company_3,HealthTech,UK,Basic,2023-08-27,966,4776,1,monthly,382,4.0,62.9,10.0,Healthy,1,0.3925,0,Medium,9275
A-ce550d,Company_4,HealthTech,US,Enterprise,2024-10-27,539,21691,0,annual,579,3.8,52.8,0.0,Healthy,0,0.3812,0,Medium,48761
A-1b9609,Company_5,EdTech,IN,Enterprise,2023-10-12,920,6965,0,monthly,457,3.0,42.3,0.0,At Risk,1,0.4884,0,Medium,16810
A-a0ca4e,Company_6,Cybersecurity,US,Pro,2024-03-08,772,5174,0,annual,373,3.8,38.6,25.0,At Risk,1,0.5748,1,High,16633
A-e5d6ab,Company_7,EdTech,US,Pro,2023-04-15,1100,4179,0,monthly,382,4.0,54.0,10.0,Healthy,0,0.2666,0,Medium,13048
A-7dacce,Company_8,Cybersecurity,CA,Enterprise,2024-09-10,586,13333,0,annual,472,3.6666666666666665,50.6,10.0,Healthy,1,0.4732,0,Medium,23057
A-10b8da,Company_9,DevTools,US,Enterprise,2023-05-08,1077,3383,0,monthly,257,3.5,48.5,25.0,At Risk,0,0.4449,0,Medium,8787
A-592832,Company_10,Cybersecurity,US,Basic,2024-09-25,571,8358,0,monthly,1053,5.0,78.9,15.0,Champion,0,0.1972,0,Low,32571
A-d40bf7,Company_11,FinTech,IN,Basic,2024-11-08,527,11741,0,monthly,562,5.0,76.4,0.0,Champion,0,0.1845,0,Low,43247
A-6c093d,Company_12,DevTools,US,Basic,2023-04-14,1101,12139,1,monthly,670,5.0,72.1,0.0,Champion,1,0.4606,0,Medium,16242
A-462d45,Company_13,Cybersecurity,US,Enterprise,2024-01-15,825,10348,1,monthly,642,4.0,61.6,15.0,Healthy,0,0.373,0,Medium,23432
A-956988,Company_14,EdTech,UK,Enterprise,2024-11-30,505,10945,0,annual,658,3.0,46.8,25.0,At Risk,0,0.4821,0,Medium,29407
A-ac14bb,Company_15,FinTech,US,Enterprise,2023-09-08,954,14129,0,monthly,531,4.0,56.2,10.0,Healthy,0,0.2228,0,Low,27746
A-463db0,Company_16,HealthTech,US,Basic,2024-12-05,500,8358,0,annual,367,4.25,54.4,25.0,Healthy,0,0.3872,0,Medium,13266
A-ce66f8,Company_17,EdTech,CA,Pro,2023-08-23,970,7363,0,monthly,494,3.5,53.4,0.0,Healthy,0,0.2944,0,Medium,11858
A-c4ea60,Company_18,FinTech,DE,Enterprise,2023-03-09,1137,3582,0,annual,427,3.6,56.5,15.0,Healthy,0,0.2519,0,Medium,14646
A-832ec2,Company_19,FinTech,UK,Enterprise,2023-11-19,882,4378,1,monthly,511,4.0,53.5,0.0,Healthy,0,0.5084,1,High,9299
A-684255,Company_20,FinTech,US,Enterprise,2024-04-14,735,2786,0,monthly,653,4.666666666666667,60.5,25.0,Healthy,1,0.395,0,Medium,11844
A-c42f1f,Company_21,HealthTech,US,Pro,2024-07-28,630,2388,0,annual,337,4.0,46.9,50.0,At Risk,1,0.5654,1,High,5175
A-4e44e8,Company_22,DevTools,US,Enterprise,2024-08-20,607,15522,0,monthly,687,3.3333333333333335,49.9,0.0,At Risk,1,0.4577,0,Medium,36445
A-30b4ca,Company_23,EdTech,IN,Basic,2024-05-20,699,17114,0,monthly,402,4.0,58.1,10.0,Healthy,0,0.217,0,Low,75938
A-9f2731,Company_24,FinTech,IN,Enterprise,2024-10-04,562,1617,0,annual,324,4.0,53.3,50.0,Healthy,0,0.3669,0,Medium,3613
A-32fb14,Company_25,DevTools,US,Enterprise,2023-03-07,1139,5174,0,annual,488,4.5,65.7,0.0,Healthy,0,0.1651,0,Low,10162
A-00cac8,Company_26,HealthTech,AU,Enterprise,2023-09-15,947,7761,1,annual,602,4.0,60.9,15.0,Healthy,0,0.3621,0,Medium,14121
A-35083d,Company_27,HealthTech,IN,Basic,2023-04-28,1087,9751,0,monthly,791,5.0,73.4,0.0,Champion,0,0.1845,0,Low,32433
A-eb7fac,Company_28,DevTools,US,Enterprise,2023-10-28,904,27064,0,monthly,538,4.0,57.5,10.0,Healthy,0,0.1821,0,Low,42096
A-b20d99,Company_29,HealthTech,IN,Basic,2023-09-27,935,3980,0,annual,329,3.5,50.9,25.0,Healthy,0,0.4685,0,Medium,11069
A-396e5f,Company_30,Cybersecurity,CA,Enterprise,2024-10-02,564,2597,0,annual,540,4.0,53.1,15.0,Healthy,0,0.4307,0,Medium,10236
A-45ce7a,Company_31,FinTech,US,Enterprise,2023-07-23,1001,3184,0,annual,424,3.6666666666666665,50.7,25.0,Healthy,1,0.4766,0,Medium,8216
A-08e34e,Company_32,EdTech,US,Basic,2024-06-27,661,5970,0,annual,651,3.0,49.5,0.0,At Risk,0,0.421,0,Medium,21821
A-8145a0,Company_33,Cybersecurity,AU,Basic,2023-04-25,1090,4975,1,annual,693,4.0,62.7,0.0,Healthy,0,0.3748,0,Medium,17260
A-bad8c1,Company_34,FinTech,AU,Basic,2023-03-01,1145,2646,0,annual,385,4.0,58.9,0.0,Healthy,0,0.2124,0,Low,7797
A-44dc83,Company_35,EdTech,FR,Basic,2024-05-12,707,456,0,monthly,248,4.6,59.0,25.0,Healthy,0,0.2256,0,Low,456
A-f446b6,Company_36,DevTools,DE,Pro,2023-05-12,1073,3582,1,annual,376,4.25,49.9,10.0,At Risk,1,0.5936,1,High,11392
A-a45270,Company_37,HealthTech,US,Enterprise,2024-06-24,664,4975,0,monthly,733,4.0,58.6,25.0,Healthy,0,0.2337,0,Low,20131
A-854864,Company_38,FinTech,IN,Enterprise,2024-12-07,498,4459,0,annual,248,4.8,62.3,25.0,Healthy,0,0.2036,0,Low,14759
A-1b7577,Company_39,Cybersecurity,US,Pro,2024-10-27,539,2009,0,monthly,647,4.0,61.6,15.0,Healthy,0,0.2098,0,Low,8771
A-05f0e5,Company_40,FinTech,US,Basic,2023-05-04,1081,18308,0,monthly,706,4.0,56.4,10.0,Healthy,0,0.2113,0,Low,51109
A-9077b0,Company_41,HealthTech,US,Basic,2024-08-25,602,2786,0,monthly,493,4.333333333333333,60.6,10.0,Healthy,1,0.1885,0,Low,3565
A-7f8241,Company_42,EdTech,US,Pro,2023-03-14,1132,7164,0,annual,734,3.0,46.7,0.0,At Risk,0,0.4614,0,Medium,39516
A-2bc93d,Company_43,HealthTech,US,Basic,2023-03-14,1132,7960,0,monthly,666,4.5,67.2,0.0,Healthy,0,0.1651,0,Low,32394
A-f3ff05,Company_44,FinTech,IN,Enterprise,2024-07-06,652,9552,0,annual,672,3.5,53.5,0.0,Healthy,0,0.3116,0,Medium,19465
A-2d4502,Company_45,FinTech,IN,Basic,2024-04-29,720,8159,0,monthly,465,5.0,69.7,0.0,Healthy,0,0.1845,0,Low,29071
A-6a4e2d,Company_46,EdTech,UK,Pro,2023-04-07,1108,4378,0,annual,597,4.5,58.7,15.0,Healthy,1,0.4058,0,Medium,10394
A-eb7c38,Company_47,DevTools,AU,Enterprise,2024-02-25,784,17910,0,monthly,693,4.333333333333333,66.9,15.0,Healthy,0,0.2166,0,Low,38210
A-c37601,Company_48,EdTech,US,Basic,2024-10-31,535,10746,1,monthly,489,3.6666666666666665,53.1,0.0,Healthy,1,0.4307,0,Medium,20475
A-3b5cd1,Company_49,FinTech,US,Basic,2023-09-12,950,6368,1,annual,523,4.0,55.7,15.0,Healthy,0,0.3837,0,Medium,23676
A-b2225d,Company_50,FinTech,US,Basic,2024-03-08,772,9353,0,monthly,696,3.0,43.3,25.0,At Risk,1,0.5225,1,High,19088
A-94f8c9,Company_51,HealthTech,US,Basic,2024-03-29,751,7164,0,monthly,746,5.0,67.1,25.0,Healthy,0,0.2058,0,Low,31989
A-02fac6,Company_52,FinTech,US,Pro,2023-04-06,1109,4577,0,annual,514,4.0,56.2,10.0,Healthy,0,0.2228,0,Low,26410
A-c1dfe1,Company_53,DevTools,DE,Pro,2023-08-07,986,8159,0,monthly,375,4.0,53.6,25.0,Healthy,1,0.3284,0,Medium,25790
A-32728c,Company_54,DevTools,US,Pro,2023-01-03,1202,980,0,monthly,418,3.5,50.6,0.0,Healthy,1,0.4577,0,Medium,4498
A-4c38bc,Company_55,HealthTech,UK,Basic,2024-03-09,771,7164,0,annual,818,3.5,61.4,0.0,Healthy,0,0.2257,0,Low,48060
A-1b707d,Company_56,Cybersecurity,US,Enterprise,2023-07-14,1010,3781,0,annual,399,4.0,59.0,0.0,Healthy,0,0.193,0,Low,9332
A-6f8ad2,Company_57,EdTech,IN,Basic,2024-07-09,649,6965,0,monthly,924,4.333333333333333,66.1,25.0,Healthy,0,0.2407,0,Low,25928
A-4d1e75,Company_58,DevTools,US,Basic,2024-08-21,606,12338,0,monthly,477,4.0,55.9,15.0,Healthy,1,0.2524,0,Medium,31390
A-9ee962,Company_59,HealthTech,US,Basic,2023-02-28,1146,5771,0,monthly,439,4.0,55.4,15.0,Healthy,1,0.2524,0,Medium,9420
A-378b99,Company_60,EdTech,UK,Pro,2024-09-01,595,3184,1,monthly,565,4.5,61.1,25.0,Healthy,1,0.4164,0,Medium,12116
A-94d3da,Company_61,HealthTech,US,Basic,2023-05-03,1082,8159,0,monthly,464,3.5,49.3,0.0,At Risk,1,0.4496,0,Medium,22673
A-e351e1,Company_62,EdTech,US,Enterprise,2024-09-26,570,1617,0,monthly,295,3.75,50.5,35.0,Healthy,0,0.4387,0,Medium,3498
A-9badbd,Company_63,Cybersecurity,DE,Enterprise,2024-06-19,669,11741,1,monthly,729,5.0,76.4,10.0,Champion,0,0.3643,0,Medium,32477
A-7e0a10,Company_64,FinTech,US,Enterprise,2023-11-18,883,13930,0,annual,511,4.0,55.9,10.0,Healthy,0,0.2228,0,Low,41116
A-118d55,Company_65,Cybersecurity,US,Basic,2024-10-22,544,7164,0,monthly,599,4.333333333333333,62.8,25.0,Healthy,0,0.2163,0,Low,23919
A-526d93,Company_66,HealthTech,FR,Basic,2024-04-14,735,9751,0,annual,565,3.5,45.0,10.0,At Risk,0,0.5649,1,High,39201
A-f92792,Company_67,FinTech,US,Pro,2024-07-04,654,6965,0,annual,528,4.0,54.0,25.0,Healthy,1,0.3006,0,Medium,18807
A-84ebe4,Company_68,FinTech,US,Pro,2023-03-12,1134,8955,1,annual,396,4.0,55.2,10.0,Healthy,0,0.4053,0,Medium,27994
A-5b4ebb,Company_69,Cybersecurity,UK,Basic,2024-07-10,648,12537,1,monthly,692,4.75,72.6,0.0,Champion,0,0.382,0,Medium,27803
A-2922b6,Company_70,HealthTech,US,Basic,2024-11-14,521,6965,0,annual,393,4.0,56.9,0.0,Healthy,0,0.1971,0,Low,10669
A-9b9fe9,Company_71,EdTech,AU,Basic,2023-09-28,934,9950,0,monthly,597,4.0,61.5,15.0,Healthy,0,0.2447,0,Low,19725
A-a8b49c,Company_72,Cybersecurity,UK,Basic,2023-10-06,926,4378,0,monthly,545,4.0,54.6,10.0,Healthy,0,0.2822,0,Medium,11567
A-9174e0,Company_73,Cybersecurity,US,Basic,2024-12-04,501,7363,0,monthly,689,5.0,69.5,10.0,Healthy,0,0.1651,0,Low,53976
A-a1bbb6,Company_74,DevTools,CA,Basic,2023-04-05,1110,5572,0,annual,366,4.0,57.7,35.0,Healthy,0,0.2331,0,Low,14402
A-c45b23,Company_75,FinTech,UK,Basic,2023-12-08,863,5174,0,monthly,581,3.0,48.2,0.0,At Risk,0,0.475,0,Medium,8504
A-02cd81,Company_76,HealthTech,IN,Basic,2024-03-28,752,8756,0,monthly,684,4.5,68.4,0.0,Healthy,0,0.3383,0,Medium,32956
A-ee42db,Company_77,EdTech,DE,Enterprise,2023-04-25,1090,5635,0,monthly,511,3.0,47.2,25.0,At Risk,0,0.483,0,Medium,11567
A-432483,Company_78,Cybersecurity,US,Pro,2023-02-06,1168,11940,0,annual,451,4.0,57.8,10.0,Healthy,0,0.193,0,Low,25813
A-9208f0,Company_79,EdTech,US,Pro,2023-05-11,1074,2786,0,monthly,538,3.3333333333333335,45.9,10.0,At Risk,0,0.5291,1,High,3511
A-98a59a,Company_80,FinTech,UK,Enterprise,2023-08-04,989,11144,0,annual,455,4.5,62.7,15.0,Healthy,0,0.2448,0,Low,36456
A-fe79a5,Company_81,HealthTech,IN,Basic,2024-02-21,788,4577,1,monthly,335,5.0,63.5,25.0,Healthy,1,0.3849,0,Medium,13532
A-726cfa,Company_82,DevTools,US,Pro,2023-07-01,1023,7562,0,annual,993,4.0,70.8,0.0,Champion,0,0.1651,0,Low,34782
A-c43359,Company_83,FinTech,US,Pro,2024-11-16,519,7562,0,annual,461,4.0,53.7,25.0,Healthy,1,0.3198,0,Medium,12312
A-271f46,Company_84,DevTools,US,Pro,2023-02-09,1165,9154,0,monthly,373,4.0,55.6,25.0,Healthy,0,0.2021,0,Low,19604
A-157070,Company_85,FinTech,US,Pro,2023-11-09,892,6965,0,monthly,696,3.0,47.2,15.0,At Risk,0,0.5777,1,High,27506
A-40a557,Company_86,Cybersecurity,AU,Pro,2023-12-03,868,10945,1,annual,402,3.6666666666666665,51.9,0.0,Healthy,1,0.4597,0,Medium,23324
A-66224b,Company_87,HealthTech,US,Pro,2024-10-18,548,18308,1,monthly,626,3.5,55.8,0.0,Healthy,1,0.3876,0,Medium,69184
A-91e948,Company_88,EdTech,AU,Basic,2023-01-29,1176,8159,0,monthly,404,4.0,58.1,0.0,Healthy,0,0.1925,0,Low,21894
A-104f1a,Company_89,Cybersecurity,US,Pro,2024-08-17,610,6027,0,monthly,438,3.75,49.3,0.0,At Risk,1,0.5209,1,High,12617
A-7988d1,Company_90,Cybersecurity,US,Basic,2023-12-20,851,6567,0,annual,449,4.333333333333333,58.6,10.0,Healthy,0,0.1821,0,Low,10692
A-faa28c,Company_91,HealthTech,US,Enterprise,2024-01-30,810,9552,0,monthly,585,4.666666666666667,64.0,0.0,Healthy,0,0.3293,0,Medium,58404
A-f25509,Company_92,EdTech,US,Enterprise,2024-03-22,758,6368,0,monthly,229,4.666666666666667,58.8,50.0,Healthy,0,0.2613,0,Medium,16122
A-3a7284,Company_93,FinTech,US,Enterprise,2024-11-17,518,7761,0,monthly,609,3.5,53.5,15.0,Healthy,0,0.3145,0,Medium,35519
A-3a5ad8,Company_94,HealthTech,US,Enterprise,2023-12-05,866,13930,1,annual,506,4.5,63.5,15.0,Healthy,0,0.36,0,Medium,28701
A-65a46c,Company_95,HealthTech,US,Pro,2023-11-04,897,15522,0,monthly,370,4.0,54.2,35.0,Healthy,0,0.3014,0,Medium,22675
A-8b25f2,Company_96,Cybersecurity,US,Pro,2024-02-17,792,5572,0,annual,565,4.0,61.2,15.0,Healthy,0,0.2207,0,Low,14048
A-fabe19,Company_97,DevTools,UK,Enterprise,2024-11-11,524,6368,0,monthly,337,4.0,56.3,25.0,Healthy,0,0.2548,0,Medium,20497
A-adc1f3,Company_98,Cybersecurity,US,Pro,2024-08-05,622,9950,0,annual,334,3.5,47.4,35.0,At Risk,0,0.4778,0,Medium,26608
A-503d5a,Company_99,FinTech,US,Enterprise,2023-10-21,911,11144,0,monthly,605,4.0,64.1,15.0,Healthy,0,0.2077,0,Low,17884
A-fd7ad3,Company_100,Cybersecurity,US,Enterprise,2024-11-01,534,2388,0,annual,567,4.166666666666667,50.9,10.0,Healthy,0,0.5321,1,High,3831
A-186a44,Company_101,HealthTech,US,Enterprise,2023-08-07,986,9353,0,annual,614,3.5,53.3,15.0,Healthy,0,0.3037,0,Medium,20989
A-e888d1,Company_102,Cybersecurity,US,Pro,2023-03-28,1118,3781,0,monthly,552,4.0,51.7,10.0,Healthy,0,0.5066,1,High,13646
A-69fad4,Company_103,FinTech,UK,Basic,2023-04-06,1109,4378,0,annual,412,3.6666666666666665,52.0,10.0,Healthy,0,0.3528,0,Medium,8721
A-9289f6,Company_104,EdTech,US,Enterprise,2023-05-31,1054,3969,0,annual,642,4.333333333333333,66.0,10.0,Healthy,0,0.1806,0,Low,13096
A-f19409,Company_105,DevTools,US,Basic,2023-03-16,1130,7960,0,monthly,659,4.0,60.8,0.0,Healthy,0,0.1885,0,Low,34136
A-22f2df,Company_106,DevTools,US,Basic,2024-12-14,491,2989,0,monthly,429,5.0,69.3,15.0,Healthy,1,0.1972,0,Low,7451
A-039727,Company_107,EdTech,AU,Pro,2024-11-02,533,5970,0,annual,768,4.0,65.0,15.0,Healthy,0,0.2333,0,Low,36420
A-2e3bad,Company_108,FinTech,CA,Pro,2023-08-13,980,12139,0,monthly,435,3.5,46.7,10.0,At Risk,1,0.4897,0,Medium,45872
A-484819,Company_109,HealthTech,US,Pro,2023-02-21,1153,5174,0,annual,336,4.5,58.2,35.0,Healthy,0,0.2246,0,Low,20604
A-425e76,Company_110,DevTools,UK,Enterprise,2023-05-17,1068,6368,0,annual,438,3.3333333333333335,45.2,10.0,At Risk,0,0.5686,1,High,17111
A-e83938,Company_111,DevTools,UK,Pro,2023-11-21,880,3184,1,annual,266,3.0,38.1,35.0,At Risk,1,0.5845,1,High,7503
A-ad296b,Company_112,DevTools,AU,Pro,2024-07-15,643,7562,0,annual,294,3.6666666666666665,50.4,25.0,Healthy,1,0.5516,1,High,18430
A-e51ec7,Company_113,FinTech,CA,Enterprise,2023-09-23,939,16517,0,annual,417,5.0,70.4,15.0,Healthy,1,0.2166,0,Low,24076
A-0aaf6e,Company_114,FinTech,US,Enterprise,2024-05-11,708,17512,0,annual,599,4.0,63.8,10.0,Healthy,0,0.1755,0,Low,24084
A-e61e98,Company_115,FinTech,US,Enterprise,2023-10-20,912,6766,0,annual,527,4.6,64.7,0.0,Healthy,0,0.3189,0,Medium,13484
A-92a333,Company_116,FinTech,US,Enterprise,2023-03-24,1122,6567,0,annual,364,4.0,48.3,50.0,At Risk,1,0.5507,1,High,10659
A-95b24a,Company_117,FinTech,US,Pro,2023-06-06,1048,8557,0,monthly,611,4.25,61.8,25.0,Healthy,0,0.2293,0,Low,25034
A-42e5e1,Company_118,DevTools,US,Pro,2024-07-09,649,4378,0,monthly,411,4.0,51.7,25.0,Healthy,1,0.4389,0,Medium,8916
A-7d514c,Company_119,HealthTech,DE,Enterprise,2024-02-03,806,8557,0,monthly,502,5.0,74.4,10.0,Champion,0,0.1845,0,Low,24274
A-65aeb5,Company_120,DevTools,US,Pro,2024-01-25,815,12537,0,monthly,533,5.0,67.6,25.0,Healthy,0,0.2058,0,Low,34392
A-e2cd1b,Company_121,DevTools,US,Enterprise,2024-02-04,805,3184,0,monthly,465,4.0,57.5,0.0,Healthy,0,0.193,0,Low,12548
A-180abf,Company_122,DevTools,US,Pro,2023-08-14,979,12736,0,annual,499,3.0,46.6,10.0,At Risk,0,0.4791,0,Medium,37312
A-f17767,Company_123,DevTools,US,Enterprise,2023-01-30,1175,7761,1,monthly,713,4.0,55.3,15.0,Healthy,0,0.4683,0,Medium,16139
A-5a184f,Company_124,DevTools,DE,Enterprise,2023-06-19,1035,9154,0,annual,587,4.333333333333333,63.6,15.0,Healthy,0,0.2271,0,Low,20683
A-7df7a7,Company_125,DevTools,US,Basic,2023-01-28,1177,8955,0,monthly,922,4.0,63.4,15.0,Healthy,1,0.3615,0,Medium,29155
A-1ac5e0,Company_126,DevTools,US,Basic,2024-10-20,546,6567,0,monthly,558,3.8,55.6,10.0,Healthy,0,0.2119,0,Low,18249
A-52dd88,Company_127,Cybersecurity,US,Pro,2023-02-21,1153,5174,0,annual,516,4.0,56.5,10.0,Healthy,0,0.2113,0,Low,16592
A-bece89,Company_128,Cybersecurity,IN,Pro,2023-12-01,870,5174,0,monthly,176,4.0,42.9,35.0,At Risk,1,0.5956,1,High,19250
A-029f69,Company_129,Cybersecurity,CA,Basic,2024-03-07,773,4776,0,annual,789,3.0,48.7,0.0,At Risk,0,0.4651,0,Medium,14638
A-5c046d,Company_130,EdTech,FR,Basic,2024-07-06,652,18507,0,annual,475,3.0,45.6,0.0,At Risk,0,0.4639,0,Medium,83886
A-fb186e,Company_131,EdTech,IN,Basic,2024-10-27,539,5771,0,annual,207,3.6666666666666665,54.5,25.0,Healthy,0,0.2913,0,Medium,5771
A-ae052e,Company_132,FinTech,CA,Basic,2023-09-11,951,1960,0,monthly,300,4.0,54.8,40.0,Healthy,0,0.3258,0,Medium,7693
A-9f9299,Company_133,FinTech,US,Enterprise,2023-09-02,960,5572,1,annual,830,5.0,73.3,10.0,Champion,0,0.3643,0,Medium,42403
A-96e141,Company_134,DevTools,UK,Basic,2023-08-12,981,4975,0,monthly,346,4.333333333333333,61.6,35.0,Healthy,0,0.2464,0,Low,15468
A-117171,Company_135,HealthTech,FR,Basic,2024-09-12,584,8955,0,annual,208,3.6666666666666665,40.1,40.0,At Risk,1,0.588,1,High,12015
A-313be3,Company_136,EdTech,US,Enterprise,2023-11-15,886,9353,1,monthly,560,5.0,63.3,10.0,Healthy,0,0.4792,0,Medium,19006
A-671f31,Company_137,DevTools,US,Basic,2024-11-24,511,11741,0,annual,167,4.2,49.4,50.0,At Risk,0,0.458,0,Medium,30385
A-bbc346,Company_138,FinTech,US,Enterprise,2024-08-29,598,8955,0,annual,650,4.5,66.9,25.0,Healthy,0,0.2058,0,Low,33122
A-c16101,Company_139,EdTech,IN,Basic,2024-09-06,590,4378,0,monthly,561,5.0,66.2,15.0,Healthy,0,0.3786,0,Medium,12422
A-50f3f7,Company_140,HealthTech,US,Basic,2023-12-22,849,8955,0,monthly,685,5.0,66.9,25.0,Healthy,0,0.3715,0,Medium,44077
A-7da956,Company_141,Cybersecurity,US,Pro,2024-06-02,686,2985,1,annual,543,5.0,67.5,25.0,Healthy,1,0.3597,0,Medium,10963
A-019782,Company_142,DevTools,FR,Enterprise,2023-04-19,1096,3184,0,annual,562,3.0,44.3,0.0,At Risk,0,0.5015,1,High,8353
A-df10db,Company_143,DevTools,US,Enterprise,2023-06-06,1048,6567,1,annual,697,3.0,41.9,10.0,At Risk,1,0.6339,1,High,11730
A-3932db,Company_144,HealthTech,CA,Pro,2023-10-04,928,6965,1,annual,434,4.333333333333333,61.5,25.0,Healthy,1,0.3832,0,Medium,14087
A-4f18f0,Company_145,DevTools,CA,Pro,2024-04-21,728,11741,1,monthly,544,4.0,59.3,15.0,Healthy,0,0.3621,0,Medium,30264
A-4c6f11,Company_146,FinTech,CA,Pro,2023-11-27,874,4776,1,monthly,268,4.333333333333333,58.5,40.0,Healthy,1,0.405,0,Medium,7586
A-8ae05d,Company_147,FinTech,IN,Enterprise,2024-04-06,743,17114,0,monthly,203,4.0,47.8,25.0,At Risk,0,0.4685,0,Medium,26230
A-b78bf8,Company_148,DevTools,US,Pro,2024-11-15,520,9751,0,monthly,421,4.2,62.3,15.0,Healthy,0,0.2077,0,Low,22423
A-eafc6e,Company_149,DevTools,US,Pro,2023-07-06,1018,6766,0,monthly,300,4.0,52.3,25.0,Healthy,0,0.3103,0,Medium,16229
A-37f969,Company_150,HealthTech,IN,Enterprise,2023-10-14,918,5970,0,annual,312,3.6666666666666665,47.0,25.0,At Risk,1,0.572,1,High,22959
A-10b8f2,Company_151,HealthTech,DE,Basic,2023-01-11,1194,9353,1,annual,560,4.333333333333333,64.5,0.0,Healthy,0,0.3748,0,Medium,30719
A-439b2f,Company_152,DevTools,US,Enterprise,2024-02-21,788,1274,0,annual,171,4.0,48.2,25.0,At Risk,0,0.4449,0,Medium,1796
A-544d0a,Company_153,DevTools,US,Basic,2024-05-02,717,12736,1,monthly,510,4.0,55.9,15.0,Healthy,0,0.4614,0,Medium,18492
A-ba6516,Company_154,FinTech,US,Pro,2023-10-29,903,7562,0,monthly,642,4.0,60.1,15.0,Healthy,0,0.2207,0,Low,28379
A-712426,Company_155,HealthTech,US,Enterprise,2024-11-10,525,2587,0,monthly,696,4.4,66.7,0.0,Healthy,0,0.1651,0,Low,11197
A-038089,Company_156,DevTools,FR,Pro,2023-12-19,852,1764,0,annual,210,3.6666666666666665,49.1,35.0,At Risk,1,0.4605,0,Medium,2104
A-afa505,Company_157,DevTools,US,Basic,2023-12-27,844,13930,1,annual,507,3.0,41.8,25.0,At Risk,1,0.6265,1,High,66010
A-d5a319,Company_158,FinTech,US,Enterprise,2023-05-04,1081,13930,0,monthly,604,4.0,49.5,25.0,At Risk,0,0.5626,1,High,37847
A-f97b9a,Company_159,FinTech,US,Pro,2023-07-09,1015,7164,0,annual,561,3.6666666666666665,55.2,10.0,Healthy,0,0.2484,0,Low,23833
A-2f6a32,Company_160,HealthTech,US,Basic,2024-08-26,601,1617,0,annual,654,3.5,53.8,10.0,Healthy,0,0.2815,0,Medium,7513
A-856b1e,Company_161,FinTech,US,Basic,2023-10-31,901,1764,0,monthly,230,4.0,43.1,35.0,At Risk,1,0.602,1,High,6321
A-17939a,Company_162,HealthTech,US,Basic,2024-12-26,479,2587,0,monthly,440,4.5,54.8,10.0,Healthy,1,0.2375,0,Low,9669
A-d27f50,Company_163,Cybersecurity,UK,Enterprise,2024-07-20,638,9552,0,monthly,481,3.75,53.0,10.0,Healthy,1,0.3109,0,Medium,44815
A-e36807,Company_164,EdTech,AU,Pro,2024-05-17,702,2786,0,monthly,446,4.5,62.5,10.0,Healthy,0,0.2105,0,Low,12569
A-ff79f2,Company_165,DevTools,US,Basic,2024-04-25,724,16517,0,annual,393,4.0,60.5,0.0,Healthy,0,0.1885,0,Low,27873
A-5b1bcd,Company_166,DevTools,US,Pro,2023-09-16,946,14527,0,annual,869,4.5,64.8,10.0,Healthy,0,0.1651,0,Low,133298
A-71615e,Company_167,EdTech,US,Basic,2024-05-18,701,11940,0,monthly,620,4.0,57.1,10.0,Healthy,0,0.2085,0,Low,40713
A-794a0b,Company_168,HealthTech,DE,Basic,2023-06-02,1052,6169,0,annual,347,4.0,56.0,35.0,Healthy,0,0.243,0,Low,10575
A-86902e,Company_169,HealthTech,IN,Enterprise,2023-05-02,1083,12139,0,monthly,628,3.5,55.7,10.0,Healthy,0,0.2422,0,Low,36041
A-0532a9,Company_170,FinTech,IN,Pro,2024-09-25,571,5373,0,monthly,519,3.0,44.9,25.0,At Risk,0,0.5088,1,High,15161
A-9779ad,Company_171,Cybersecurity,AU,Pro,2024-03-29,751,7960,1,monthly,413,5.0,65.1,10.0,Healthy,0,0.3643,0,Medium,51680
A-f45426,Company_172,HealthTech,US,Basic,2024-08-05,622,9154,0,monthly,624,4.0,55.1,25.0,Healthy,0,0.2724,0,Medium,17289
A-c1e51e,Company_173,FinTech,US,Basic,2024-10-02,564,10945,0,monthly,518,3.2,45.8,25.0,At Risk,1,0.498,0,Medium,23905
A-fa3095,Company_174,FinTech,US,Basic,2023-09-03,959,13930,0,annual,600,5.0,70.5,10.0,Champion,0,0.1651,0,Low,69230
A-ad64c6,Company_175,DevTools,UK,Pro,2024-02-23,786,5572,0,annual,215,5.0,60.1,35.0,Healthy,0,0.2464,0,Low,14708
A-39b19f,Company_176,FinTech,US,Enterprise,2023-02-03,1171,8159,0,annual,530,4.25,53.9,25.0,Healthy,0,0.4282,0,Medium,21237
A-56962b,Company_177,EdTech,UK,Enterprise,2024-04-09,740,32437,0,monthly,271,3.0,36.4,35.0,At Risk,1,0.519,1,High,54605
A-e60f9d,Company_178,FinTech,US,Basic,2024-08-26,601,11542,0,annual,629,4.0,61.8,15.0,Healthy,0,0.2098,0,Low,50817
A-88c6ca,Company_179,FinTech,DE,Basic,2024-10-25,541,2401,0,monthly,446,4.0,58.4,0.0,Healthy,1,0.2015,0,Low,6449
A-158f4e,Company_180,FinTech,IN,Enterprise,2023-03-03,1143,12139,0,annual,453,4.333333333333333,58.4,10.0,Healthy,1,0.2015,0,Low,43859
A-5b051a,Company_181,Cybersecurity,US,Enterprise,2024-08-05,622,1078,0,monthly,171,3.0,37.6,35.0,At Risk,0,0.5086,1,High,2332
A-296d7c,Company_182,DevTools,DE,Enterprise,2023-11-08,893,784,0,annual,357,3.75,51.5,25.0,Healthy,0,0.4242,0,Medium,1989
A-1619f8,Company_183,DevTools,US,Pro,2024-05-20,699,10945,0,monthly,432,5.0,67.0,10.0,Healthy,0,0.1651,0,Low,19790
A-a1b80b,Company_184,HealthTech,US,Basic,2023-11-27,874,10348,0,annual,749,4.0,57.0,25.0,Healthy,0,0.2337,0,Low,34589
A-139c3b,Company_185,HealthTech,US,Enterprise,2024-11-21,514,3582,1,annual,478,4.5,64.6,0.0,Healthy,1,0.3748,0,Medium,9027
A-702032,Company_186,HealthTech,US,Pro,2023-10-03,929,5572,0,monthly,285,3.0,39.4,25.0,At Risk,1,0.4893,0,Medium,8540
A-7a0d69,Company_187,DevTools,DE,Enterprise,2024-06-15,673,5174,1,annual,606,5.0,76.9,0.0,Champion,0,0.3643,0,Medium,10362
A-22d9d2,Company_188,DevTools,FR,Pro,2024-03-22,758,4508,0,monthly,782,4.0,55.8,25.0,Healthy,0,0.4231,0,Medium,18746
A-b9eed8,Company_189,Cybersecurity,US,Basic,2024-02-23,786,6766,0,monthly,623,3.75,47.0,25.0,At Risk,0,0.5632,1,High,16577
A-dfbd31,Company_190,DevTools,UK,Enterprise,2023-12-04,867,12338,0,monthly,599,4.25,62.1,15.0,Healthy,0,0.2578,0,Medium,25079
A-8e47ca,Company_191,HealthTech,US,Pro,2024-02-15,794,6169,0,monthly,441,4.0,47.4,10.0,At Risk,1,0.5541,1,High,28120
A-4437e4,Company_192,Cybersecurity,US,Enterprise,2023-09-16,946,3184,0,annual,806,3.0,37.3,15.0,At Risk,1,0.5915,1,High,17831
A-779e4e,Company_193,HealthTech,US,Basic,2023-01-02,1203,11542,0,annual,393,4.0,55.1,15.0,Healthy,0,0.278,0,Medium,28081
A-53f4e3,Company_194,Cybersecurity,UK,Enterprise,2024-06-14,674,4557,0,monthly,410,4.0,50.6,10.0,Healthy,1,0.4639,0,Medium,15072
A-692f18,Company_195,EdTech,US,Basic,2024-03-28,752,7363,1,annual,871,5.0,72.5,25.0,Champion,1,0.3752,0,Medium,30550
A-13466a,Company_196,DevTools,AU,Basic,2023-10-22,910,7960,0,annual,205,4.333333333333333,47.6,35.0,At Risk,0,0.5541,1,High,13343
A-1986ca,Company_197,HealthTech,IN,Pro,2023-01-30,1175,6169,0,monthly,362,3.4,47.6,35.0,At Risk,0,0.4862,0,Medium,27661
A-0cc442,Company_198,EdTech,US,Basic,2024-07-18,640,10547,0,monthly,765,3.0,51.7,15.0,Healthy,1,0.4279,0,Medium,61935
A-c608c8,Company_199,DevTools,DE,Pro,2023-04-27,1088,2842,0,monthly,445,3.0,43.7,25.0,At Risk,0,0.5096,1,High,9514
A-3be56b,Company_200,HealthTech,IN,Pro,2023-10-26,906,5970,0,monthly,528,3.5,48.9,25.0,At Risk,1,0.4732,0,Medium,17040
A-354f12,Company_201,FinTech,US,Pro,2024-04-28,721,6766,1,monthly,158,4.0,50.1,40.0,Healthy,1,0.5504,1,High,8889
A-68f37c,Company_202,HealthTech,US,Basic,2023-07-15,1009,24079,0,monthly,624,4.0,60.8,10.0,Healthy,0,0.1885,0,Low,32270
A-aa9511,Company_203,DevTools,US,Pro,2023-10-10,922,19303,1,annual,625,4.0,57.2,25.0,Healthy,1,0.3722,0,Medium,60970
A-af0cd2,Company_204,Cybersecurity,IN,Enterprise,2023-01-03,1202,1083,1,monthly,687,4.0,61.0,0.0,Healthy,0,0.3878,0,Medium,6460
A-bd4513,Company_205,DevTools,AU,Enterprise,2024-11-06,529,9950,1,annual,507,4.666666666666667,62.7,10.0,Healthy,0,0.3748,0,Medium,52204
A-c222ab,Company_206,Cybersecurity,US,Pro,2024-05-10,709,6368,0,annual,435,5.0,71.9,10.0,Healthy,1,0.1651,0,Low,18656
A-34d880,Company_207,Cybersecurity,AU,Enterprise,2024-04-11,738,10547,0,monthly,474,3.0,39.4,10.0,At Risk,1,0.5035,1,High,20964
A-508199,Company_208,FinTech,AU,Basic,2024-01-28,812,3781,0,annual,231,3.0,38.0,35.0,At Risk,1,0.5238,1,High,8436
A-f03140,Company_209,DevTools,IN,Pro,2023-11-22,879,5373,1,annual,595,3.6666666666666665,62.3,15.0,Healthy,1,0.36,0,Medium,21075
A-410e86,Company_210,FinTech,US,Basic,2024-11-10,525,4776,0,monthly,292,3.5,42.6,35.0,At Risk,1,0.5131,1,High,15960
A-fa2041,Company_211,HealthTech,US,Pro,2024-05-29,690,3582,1,monthly,552,3.0,43.0,10.0,At Risk,1,0.5551,1,High,20915
A-de58ca,Company_212,HealthTech,DE,Enterprise,2023-04-13,1102,12338,0,monthly,505,3.3333333333333335,46.2,10.0,At Risk,1,0.479,0,Medium,23905
A-05d3b3,Company_213,DevTools,AU,Basic,2023-05-28,1057,3781,1,monthly,642,4.333333333333333,65.2,0.0,Healthy,0,0.3643,0,Medium,12610
A-249769,Company_214,Cybersecurity,US,Enterprise,2024-04-25,724,11144,0,annual,678,4.0,61.5,0.0,Healthy,0,0.1776,0,Low,15717
A-e43bf7,Company_215,Cybersecurity,AU,Pro,2023-03-24,1122,13930,0,monthly,371,4.0,47.2,35.0,At Risk,1,0.5711,1,High,46666
A-eb2fdc,Company_216,DevTools,AU,Enterprise,2023-11-21,880,9353,0,monthly,547,4.5,66.1,0.0,Healthy,0,0.1845,0,Low,31968
A-e1462e,Company_217,FinTech,UK,Basic,2023-03-12,1134,5771,0,annual,347,3.5,45.4,50.0,At Risk,1,0.5331,1,High,12030
A-cab532,Company_218,DevTools,FR,Pro,2023-04-03,1112,4975,1,annual,1005,4.0,67.2,15.0,Healthy,0,0.3496,0,Medium,20088
A-9123ac,Company_219,Cybersecurity,DE,Pro,2023-06-20,1034,8358,0,annual,386,4.2,59.7,25.0,Healthy,0,0.2378,0,Low,14751
A-6e08f3,Company_220,Cybersecurity,US,Basic,2023-02-27,1147,5572,0,monthly,492,3.5,51.1,15.0,Healthy,1,0.4599,0,Medium,18190
A-d922bf,Company_221,HealthTech,US,Basic,2023-09-08,954,6368,1,monthly,419,3.3333333333333335,42.7,0.0,At Risk,1,0.6229,1,High,17114
A-8ed5dd,Company_222,EdTech,UK,Enterprise,2023-06-29,1025,5970,0,annual,545,3.75,51.0,25.0,Healthy,1,0.4764,0,Medium,11956
A-7c6b6b,Company_223,FinTech,US,Basic,2024-11-30,505,1372,0,annual,311,4.333333333333333,59.4,35.0,Healthy,0,0.2092,0,Low,4818
A-3c1a3f,Company_224,DevTools,UK,Pro,2023-08-26,967,5771,0,monthly,497,3.5,49.3,15.0,At Risk,1,0.4771,0,Medium,14909
A-b48f73,Company_225,EdTech,AU,Pro,2024-11-13,522,15920,1,monthly,412,4.0,54.8,10.0,Healthy,1,0.4208,0,Medium,28320
A-76fa4d,Company_226,HealthTech,US,Pro,2024-11-24,511,13731,0,monthly,357,4.5,60.1,35.0,Healthy,0,0.2092,0,Low,61686
A-b2af2e,Company_227,Cybersecurity,UK,Enterprise,2024-08-24,603,1026,0,annual,174,4.0,50.1,50.0,Healthy,0,0.4948,0,Medium,3112
A-9bfc9f,Company_228,DevTools,CA,Pro,2023-09-14,948,2940,0,annual,376,3.3333333333333335,41.8,15.0,At Risk,1,0.6022,1,High,15342
A-4ae22a,Company_229,EdTech,US,Pro,2024-05-09,710,5572,0,monthly,369,3.0,40.7,35.0,At Risk,1,0.4846,0,Medium,9432
A-fda07f,Company_230,Cybersecurity,FR,Basic,2024-08-11,616,13731,0,monthly,681,4.0,62.6,25.0,Healthy,0,0.2357,0,Low,28418
A-de24d5,Company_231,DevTools,US,Enterprise,2024-11-05,530,7363,1,monthly,537,3.0,45.9,0.0,At Risk,0,0.5306,1,High,21327
A-977ca0,Company_232,HealthTech,IN,Basic,2023-02-20,1154,18109,0,monthly,893,4.0,61.2,0.0,Healthy,0,0.208,0,Low,30055
A-ab438f,Company_233,Cybersecurity,US,Enterprise,2024-09-13,583,5970,0,monthly,369,3.5,50.3,25.0,Healthy,0,0.453,0,Medium,16358
A-e89151,Company_234,FinTech,UK,Pro,2023-09-14,948,8756,1,monthly,601,5.0,73.9,0.0,Champion,1,0.382,0,Medium,21734
A-40906c,Company_235,EdTech,US,Basic,2024-03-27,753,18308,0,annual,685,3.75,59.7,0.0,Healthy,0,0.1931,0,Low,64400
A-81edc3,Company_236,Cybersecurity,IN,Basic,2023-10-30,902,8756,0,annual,765,4.0,64.2,0.0,Healthy,0,0.195,0,Low,17524
A-328bd0,Company_237,HealthTech,AU,Enterprise,2023-05-16,1069,3582,0,monthly,568,3.6666666666666665,47.8,25.0,At Risk,1,0.4848,0,Medium,15979
A-b3fe05,Company_238,Cybersecurity,CA,Pro,2024-05-28,691,9950,0,monthly,438,3.0,44.3,0.0,At Risk,0,0.4906,0,Medium,24494
A-09540c,Company_239,Cybersecurity,CA,Basic,2023-10-30,902,13333,1,annual,297,4.5,58.2,40.0,Healthy,1,0.4343,0,Medium,23718
A-e693b6,Company_240,FinTech,AU,Enterprise,2023-05-25,1060,10945,0,annual,681,3.0,50.4,0.0,Healthy,0,0.484,0,Medium,34155
A-2446e3,Company_241,EdTech,IN,Pro,2024-01-10,830,5373,0,monthly,496,4.0,59.6,25.0,Healthy,1,0.2642,0,Medium,24138
A-241e75,Company_242,EdTech,US,Enterprise,2024-07-03,655,2254,0,monthly,266,4.5,58.0,50.0,Healthy,1,0.2613,0,Medium,3594
A-922109,Company_243,Cybersecurity,US,Pro,2024-01-26,814,8159,0,monthly,819,3.0,51.6,0.0,Healthy,0,0.4135,0,Medium,14118
A-ff3c73,Company_244,HealthTech,AU,Pro,2023-01-26,1179,1254,0,annual,408,3.5,48.4,10.0,At Risk,0,0.4651,0,Medium,4335
A-8b0451,Company_245,FinTech,UK,Enterprise,2024-09-16,580,8159,0,annual,606,3.5,52.8,10.0,Healthy,0,0.3108,0,Medium,31709
A-331424,Company_246,DevTools,US,Basic,2023-11-06,895,2189,0,annual,214,4.0,50.0,25.0,Healthy,0,0.4421,0,Medium,6776
A-51ec1b,Company_247,DevTools,US,Enterprise,2023-11-08,893,3582,0,annual,283,5.0,65.1,40.0,Healthy,0,0.3792,0,Medium,11087
A-bcf664,Company_248,DevTools,US,Pro,2023-05-19,1066,2587,0,annual,575,4.0,51.0,0.0,Healthy,0,0.529,1,High,13728
A-90a8c8,Company_249,FinTech,AU,Pro,2024-08-24,603,14527,0,annual,404,3.25,47.6,0.0,At Risk,0,0.4874,0,Medium,26514
A-86cdb4,Company_250,DevTools,DE,Basic,2024-09-22,574,988,0,annual,492,4.333333333333333,60.8,0.0,Healthy,0,0.197,0,Low,3551
A-4bfa33,Company_251,Cybersecurity,US,Basic,2024-12-07,498,3528,1,annual,329,3.6666666666666665,53.4,25.0,Healthy,1,0.422,0,Medium,5606
A-dbc825,Company_252,EdTech,FR,Enterprise,2024-01-07,833,10945,0,annual,730,4.0,50.5,10.0,Healthy,1,0.5331,1,High,42404
A-c70870,Company_253,Cybersecurity,US,Basic,2024-10-22,544,33830,0,annual,334,4.0,54.1,40.0,Healthy,1,0.3237,0,Medium,39614
A-7c4956,Company_254,DevTools,US,Enterprise,2023-05-06,1079,1194,0,annual,475,4.0,51.9,10.0,Healthy,0,0.3126,0,Medium,3409
A-0651a4,Company_255,HealthTech,FR,Pro,2024-10-16,550,12935,0,annual,705,4.0,60.4,0.0,Healthy,0,0.197,0,Low,44564
A-3ce5b8,Company_256,FinTech,IN,Basic,2023-09-07,955,9261,0,monthly,509,3.7142857142857144,53.8,10.0,Healthy,0,0.3007,0,Medium,16650
A-bd4708,Company_257,FinTech,US,Pro,2024-07-21,637,7363,1,monthly,653,3.5,56.3,0.0,Healthy,0,0.3985,0,Medium,38975
A-993085,Company_258,HealthTech,US,Basic,2023-06-01,1053,9751,1,monthly,665,3.5,48.0,25.0,At Risk,1,0.5288,1,High,48456
A-92a3af,Company_259,Cybersecurity,IN,Enterprise,2024-07-07,651,6965,0,annual,714,4.0,50.9,25.0,Healthy,1,0.5645,1,High,34538
A-151c9a,Company_260,FinTech,US,Enterprise,2023-01-27,1178,4577,0,annual,366,3.5,49.7,40.0,At Risk,1,0.4705,0,Medium,14250
A-474ad4,Company_261,EdTech,US,Basic,2023-11-28,873,4776,0,monthly,605,5.0,61.5,25.0,Healthy,1,0.4032,0,Medium,12125
A-4ef964,Company_262,HealthTech,US,Pro,2024-03-07,773,3430,0,annual,487,4.0,55.8,10.0,Healthy,0,0.2119,0,Low,14279
A-fd9422,Company_263,Cybersecurity,US,Pro,2024-04-04,745,11542,0,annual,456,3.5,48.5,15.0,At Risk,1,0.5446,1,High,28130
A-0baac2,Company_264,FinTech,DE,Enterprise,2024-05-30,689,6169,0,annual,202,4.333333333333333,55.5,25.0,Healthy,0,0.2177,0,Low,18500
A-bb1486,Company_265,HealthTech,US,Basic,2024-11-05,530,3381,0,annual,405,3.0,37.0,25.0,At Risk,1,0.5008,1,High,16307
A-560d27,Company_266,DevTools,US,Pro,2024-05-05,714,14129,0,monthly,587,3.6666666666666665,51.2,10.0,Healthy,1,0.4471,0,Medium,41641
A-0b0d6d,Company_267,DevTools,US,Pro,2024-12-30,475,10348,0,monthly,582,4.0,50.9,10.0,Healthy,0,0.5399,1,High,33491
A-2789e3,Company_268,FinTech,US,Enterprise,2024-09-14,582,12139,0,monthly,680,4.0,57.6,25.0,Healthy,0,0.2337,0,Low,24489
A-b07346,Company_269,HealthTech,US,Pro,2024-10-10,556,10149,0,annual,326,3.5,49.9,35.0,At Risk,0,0.4673,0,Medium,31416
A-902ef7,Company_270,HealthTech,US,Enterprise,2024-09-03,593,16517,0,annual,414,4.0,59.6,10.0,Healthy,0,0.1885,0,Low,44322
A-20736a,Company_271,EdTech,IN,Enterprise,2024-03-16,764,12736,0,monthly,430,3.75,55.7,15.0,Healthy,0,0.2762,0,Medium,40525
A-e4bf56,Company_272,HealthTech,IN,Pro,2024-10-28,538,7363,0,monthly,339,3.6666666666666665,53.8,40.0,Healthy,1,0.3222,0,Medium,18926
A-cea1f0,Company_273,FinTech,US,Pro,2024-04-07,742,4378,0,annual,586,4.333333333333333,65.5,15.0,Healthy,0,0.1972,0,Low,12244
A-ef84cf,Company_274,EdTech,US,Enterprise,2024-03-01,779,6766,0,annual,309,4.333333333333333,56.1,40.0,Healthy,0,0.3977,0,Medium,7507
A-d49cc5,Company_275,Cybersecurity,FR,Basic,2023-09-19,943,3675,0,annual,436,4.5,60.4,10.0,Healthy,1,0.197,0,Low,13325
A-67be94,Company_276,EdTech,US,Enterprise,2023-04-04,1111,10348,0,annual,416,4.0,59.8,0.0,Healthy,0,0.204,0,Low,21930
A-4e960a,Company_277,FinTech,US,Enterprise,2024-01-17,823,14129,1,annual,512,4.0,57.9,15.0,Healthy,0,0.3621,0,Medium,23942
A-c37cab,Company_278,Cybersecurity,UK,Pro,2024-07-29,629,19502,0,monthly,708,3.75,53.2,25.0,Healthy,1,0.4516,0,Medium,29433
A-533452,Company_279,DevTools,AU,Pro,2024-11-12,523,5174,0,monthly,595,4.0,57.3,25.0,Healthy,0,0.2532,0,Medium,20664
A-443b7c,Company_280,Cybersecurity,US,Enterprise,2024-09-06,590,13930,0,annual,618,4.4,61.9,0.0,Healthy,0,0.1885,0,Low,24062
A-1f7acb,Company_281,FinTech,UK,Basic,2023-08-06,987,12736,1,monthly,510,4.4,62.7,25.0,Healthy,1,0.3879,0,Medium,46912
A-f51f16,Company_282,HealthTech,US,Enterprise,2023-12-25,846,7761,0,annual,384,3.0,40.2,10.0,At Risk,1,0.5036,1,High,13310
A-5a3eb9,Company_283,DevTools,CA,Enterprise,2023-08-20,973,3582,1,annual,722,4.0,59.9,15.0,Healthy,0,0.3621,0,Medium,20293
A-5f2961,Company_284,HealthTech,US,Basic,2024-11-22,513,3184,0,annual,348,4.0,55.8,25.0,Healthy,0,0.2205,0,Low,10299
A-417d2f,Company_285,Cybersecurity,IN,Pro,2023-07-04,1020,10149,1,annual,722,4.333333333333333,66.6,0.0,Healthy,0,0.3643,0,Medium,22933
A-e98302,Company_286,EdTech,US,Enterprise,2023-12-26,845,6766,1,annual,273,4.142857142857143,54.3,35.0,Healthy,1,0.4942,0,Medium,12567
A-8bde0c,Company_287,DevTools,US,Basic,2024-11-04,531,5572,0,annual,773,4.0,62.2,10.0,Healthy,0,0.1755,0,Low,34198
A-bcf87c,Company_288,FinTech,US,Pro,2024-06-27,661,6169,0,monthly,503,4.0,58.2,15.0,Healthy,0,0.2142,0,Low,21770
A-54ecc2,Company_289,Cybersecurity,US,Enterprise,2023-06-11,1043,5970,0,monthly,607,5.0,69.8,25.0,Healthy,0,0.2058,0,Low,16168
A-625d0b,Company_290,EdTech,AU,Basic,2024-09-02,594,2058,0,monthly,529,3.0,43.0,10.0,At Risk,0,0.4884,0,Medium,11893
A-fce879,Company_291,EdTech,UK,Pro,2024-09-24,572,3781,1,annual,299,4.0,54.2,40.0,Healthy,1,0.4711,0,Medium,6797
A-b07b56,Company_292,DevTools,US,Pro,2024-11-08,527,4975,0,monthly,633,3.0,43.8,10.0,At Risk,0,0.4798,0,Medium,16984
A-6da850,Company_293,FinTech,IN,Pro,2023-10-07,925,7363,0,annual,714,4.0,59.5,25.0,Healthy,0,0.2487,0,Low,18559
A-342303,Company_294,EdTech,US,Pro,2024-03-16,764,1372,1,annual,141,4.5,58.7,25.0,Healthy,1,0.3904,0,Medium,1695
A-e7a1e2,Company_295,Cybersecurity,US,Enterprise,2024-06-23,665,8756,0,monthly,703,4.0,58.9,0.0,Healthy,0,0.1821,0,Low,20042
A-f1f639,Company_296,EdTech,US,Basic,2023-02-26,1148,1791,0,monthly,139,4.8,57.8,35.0,Healthy,0,0.2401,0,Low,2919
A-a865bd,Company_297,Cybersecurity,US,Pro,2023-09-19,943,7562,0,annual,230,3.0,41.8,35.0,At Risk,0,0.5023,1,High,21022
A-4e631b,Company_298,FinTech,US,Enterprise,2024-03-16,764,7960,0,monthly,502,4.0,55.5,25.0,Healthy,1,0.261,0,Medium,24398
A-7f6b86,Company_299,HealthTech,US,Basic,2023-08-24,969,11741,1,annual,420,3.6666666666666665,53.2,0.0,Healthy,1,0.4261,0,Medium,19402
A-8adedc,Company_300,EdTech,US,Basic,2024-02-11,798,11343,1,annual,583,4.0,58.3,10.0,Healthy,0,0.3924,0,Medium,28328
A-2edab2,Company_301,HealthTech,US,Enterprise,2023-11-17,884,3383,0,monthly,487,3.0,45.1,0.0,At Risk,0,0.4791,0,Medium,11390
A-149a69,Company_302,DevTools,US,Basic,2024-10-17,549,6766,0,monthly,208,4.2,55.6,25.0,Healthy,0,0.2021,0,Low,8058
A-a6d261,Company_303,FinTech,CA,Pro,2023-11-29,872,20497,0,annual,627,4.666666666666667,68.8,0.0,Healthy,0,0.3383,0,Medium,38191
A-443f6f,Company_304,Cybersecurity,US,Basic,2024-12-07,498,3781,0,annual,527,4.666666666666667,69.8,0.0,Healthy,0,0.1651,0,Low,13594
A-202b67,Company_305,HealthTech,US,Pro,2024-03-22,758,5771,0,monthly,447,4.666666666666667,62.9,10.0,Healthy,1,0.1755,0,Low,18168
A-00bed1,Company_306,Cybersecurity,US,Basic,2023-11-14,887,9751,1,annual,514,4.0,56.4,0.0,Healthy,0,0.3919,0,Medium,33506
A-ffc04f,Company_307,EdTech,US,Pro,2024-06-06,682,3781,0,monthly,857,4.5,61.8,25.0,Healthy,0,0.3923,0,Medium,20039
A-65c341,Company_308,FinTech,US,Pro,2023-12-26,845,16716,1,annual,410,4.0,56.0,0.0,Healthy,1,0.3876,0,Medium,30546
A-dcc2f0,Company_309,FinTech,UK,Basic,2023-07-22,1002,3184,0,monthly,833,4.0,68.3,0.0,Healthy,0,0.2022,0,Low,17493
A-ced9aa,Company_310,DevTools,US,Enterprise,2024-10-05,561,1194,0,monthly,531,3.0,42.8,10.0,At Risk,0,0.4927,0,Medium,6252
A-3d957b,Company_311,HealthTech,UK,Pro,2024-04-04,745,2786,0,monthly,143,3.0,36.2,35.0,At Risk,1,0.534,1,High,11852
A-89ee83,Company_312,Cybersecurity,US,Pro,2024-10-04,562,7960,0,monthly,565,4.0,56.3,0.0,Healthy,0,0.3536,0,Medium,24907
A-883b7d,Company_313,Cybersecurity,IN,Basic,2024-03-28,752,9950,0,annual,644,3.6,49.7,10.0,At Risk,1,0.5445,1,High,30524
A-dcc3f1,Company_314,HealthTech,US,Pro,2023-12-27,844,4378,0,annual,500,3.8,57.2,25.0,Healthy,1,0.2228,0,Low,12747
A-c62e55,Company_315,EdTech,US,Basic,2023-02-08,1166,2985,1,monthly,337,4.0,57.1,25.0,Healthy,0,0.4134,0,Medium,11902
A-e4144b,Company_316,EdTech,UK,Pro,2024-10-22,544,8159,0,annual,439,4.0,56.0,0.0,Healthy,0,0.2643,0,Medium,35424
A-e40f45,Company_317,HealthTech,US,Pro,2024-04-18,731,4179,0,annual,401,4.333333333333333,62.9,10.0,Healthy,0,0.1755,0,Low,11825
A-96215d,Company_318,FinTech,US,Enterprise,2024-08-08,619,3184,0,monthly,347,3.0,41.1,35.0,At Risk,1,0.524,1,High,10312
A-2b9d3e,Company_319,EdTech,US,Enterprise,2023-06-04,1050,1421,0,annual,444,5.0,69.2,0.0,Healthy,0,0.1806,0,Low,5142
A-b7724f,Company_320,HealthTech,UK,Basic,2023-03-28,1118,1349,0,monthly,380,3.0,43.3,0.0,At Risk,1,0.5135,1,High,3222
A-310452,Company_321,DevTools,FR,Enterprise,2024-12-25,480,9950,0,annual,268,3.6,46.2,35.0,At Risk,1,0.4885,0,Medium,11003
A-eb1312,Company_322,FinTech,US,Pro,2024-09-16,580,4975,0,annual,663,5.0,73.2,10.0,Champion,0,0.1651,0,Low,18147
A-df1e44,Company_323,Cybersecurity,UK,Enterprise,2024-02-23,786,3087,0,monthly,420,5.0,73.2,15.0,Healthy,1,0.2343,0,Low,13107
A-6a7c9d,Company_324,Cybersecurity,US,Enterprise,2024-10-24,542,5174,0,monthly,189,4.0,50.1,25.0,Healthy,0,0.4325,0,Medium,13028
A-cbd1a3,Company_325,DevTools,US,Basic,2024-11-25,510,5572,0,annual,465,4.0,53.8,10.0,Healthy,0,0.2815,0,Medium,16351
A-a8d89d,Company_326,EdTech,US,Pro,2023-12-08,863,15522,0,monthly,551,5.0,73.4,0.0,Champion,0,0.1806,0,Low,29320
A-600734,Company_327,DevTools,US,Pro,2023-11-14,887,5771,1,annual,660,3.6666666666666665,51.9,0.0,Healthy,1,0.5276,1,High,18132
A-86fc1d,Company_328,DevTools,UK,Basic,2024-07-26,632,5572,0,monthly,363,4.0,51.0,35.0,Healthy,0,0.4929,0,Medium,15181
A-78f02b,Company_329,HealthTech,US,Enterprise,2024-11-17,518,8771,0,annual,211,4.0,49.7,35.0,At Risk,0,0.4673,0,Medium,15081
A-acb7f7,Company_330,EdTech,US,Basic,2024-01-06,834,6368,0,annual,612,3.5,52.0,25.0,Healthy,0,0.3555,0,Medium,32574
A-712f1c,Company_331,DevTools,US,Basic,2023-12-16,855,14925,0,monthly,631,4.0,59.2,0.0,Healthy,0,0.193,0,Low,42999
A-3793ee,Company_332,Cybersecurity,CA,Enterprise,2023-03-21,1125,9751,1,monthly,352,4.0,58.0,40.0,Healthy,1,0.4206,0,Medium,26705
A-9a532a,Company_333,HealthTech,US,Enterprise,2024-07-06,652,6567,0,monthly,185,4.0,54.3,35.0,Healthy,0,0.2905,0,Medium,10945
A-2ebb4b,Company_334,HealthTech,US,Basic,2023-05-15,1070,12935,0,annual,488,3.0,41.6,10.0,At Risk,1,0.5036,1,High,30688
A-6843f2,Company_335,HealthTech,CA,Enterprise,2024-12-10,495,4179,0,monthly,481,3.0,47.3,15.0,At Risk,1,0.4918,0,Medium,16520
A-c9bb3e,Company_336,EdTech,US,Pro,2024-03-24,756,6027,0,annual,474,4.2,53.0,0.0,Healthy,0,0.3862,0,Medium,15217
A-4814a3,Company_337,Cybersecurity,IN,Basic,2024-09-17,579,17313,0,monthly,587,4.0,53.5,25.0,Healthy,0,0.4479,0,Medium,87957
A-b7b7b7,Company_338,FinTech,US,Basic,2024-06-30,658,7761,0,monthly,571,5.0,69.0,0.0,Healthy,0,0.1651,0,Low,28558
A-ccc747,Company_339,HealthTech,FR,Pro,2024-01-12,828,1813,0,monthly,284,5.0,63.2,25.0,Healthy,0,0.3692,0,Medium,4812
A-bb3bd4,Company_340,HealthTech,US,Basic,2024-01-27,813,4577,0,annual,315,4.142857142857143,57.2,25.0,Healthy,0,0.1879,0,Low,7452
A-09316c,Company_341,FinTech,AU,Enterprise,2024-09-11,585,13930,0,annual,566,3.75,50.2,10.0,Healthy,1,0.5662,1,High,70000
A-96bbc6,Company_342,Cybersecurity,US,Enterprise,2024-05-07,712,11144,0,monthly,482,3.3333333333333335,49.4,15.0,At Risk,1,0.4625,0,Medium,30426
A-bc4d48,Company_343,EdTech,US,Pro,2024-06-12,676,6965,1,annual,321,4.2,51.9,25.0,Healthy,1,0.529,1,High,12390
A-b30291,Company_344,HealthTech,US,Basic,2024-04-05,744,3184,1,monthly,519,4.0,57.1,10.0,Healthy,0,0.3769,0,Medium,5375
A-cdf020,Company_345,DevTools,AU,Pro,2023-08-16,977,4577,0,monthly,379,4.0,56.9,0.0,Healthy,0,0.2165,0,Low,18072
A-e6afc1,Company_346,DevTools,US,Pro,2023-02-24,1150,10149,0,annual,679,4.0,63.2,0.0,Healthy,0,0.1642,0,Low,22582
A-e3bd71,Company_347,Cybersecurity,US,Basic,2023-03-25,1121,6169,0,monthly,638,4.0,59.6,15.0,Healthy,0,0.2207,0,Low,41630
A-b179bf,Company_348,Cybersecurity,IN,Basic,2024-10-27,539,8557,0,monthly,398,4.0,59.1,0.0,Healthy,0,0.2015,0,Low,17931
A-098560,Company_349,DevTools,UK,Enterprise,2023-10-21,911,5771,0,monthly,567,3.0,42.3,10.0,At Risk,0,0.5931,1,High,12326
A-82861f,Company_350,DevTools,UK,Basic,2024-04-25,724,10547,0,annual,462,3.2,42.5,10.0,At Risk,1,0.5135,1,High,43633
A-94c3cd,Company_351,FinTech,CA,Enterprise,2023-09-20,942,6368,0,monthly,306,3.5,40.4,35.0,At Risk,1,0.5955,1,High,9036
A-a33200,Company_352,HealthTech,US,Basic,2024-09-15,581,5771,0,annual,517,4.5,64.6,0.0,Healthy,0,0.1755,0,Low,28913
A-034368,Company_353,EdTech,US,Enterprise,2023-11-05,896,5572,0,monthly,265,4.0,52.1,35.0,Healthy,0,0.3454,0,Medium,11194
A-b54c01,Company_354,DevTools,US,Enterprise,2024-09-29,567,1421,0,annual,226,3.0,35.7,35.0,At Risk,1,0.5023,1,High,3393
A-d82ef9,Company_355,EdTech,UK,Basic,2024-07-02,656,5174,0,annual,679,4.25,55.5,25.0,Healthy,0,0.4239,0,Medium,14327
A-bb2f49,Company_356,Cybersecurity,US,Pro,2023-05-28,1057,9751,0,monthly,618,4.0,56.8,25.0,Healthy,0,0.2378,0,Low,23990
A-1f559b,Company_357,HealthTech,US,Enterprise,2023-09-04,958,5174,1,annual,400,4.2,54.2,25.0,Healthy,1,0.4128,0,Medium,11756
A-5a215a,Company_358,EdTech,FR,Enterprise,2024-01-05,835,17313,0,monthly,807,4.0,55.7,10.0,Healthy,0,0.2466,0,Low,130152
A-3f9cc0,Company_359,HealthTech,US,Basic,2024-06-03,685,5970,0,monthly,407,4.5,57.3,25.0,Healthy,0,0.363,0,Medium,19940
A-f9cc74,Company_360,DevTools,FR,Enterprise,2024-10-12,554,5970,1,monthly,484,4.0,56.9,0.0,Healthy,1,0.3919,0,Medium,15557
A-ed510f,Company_361,Cybersecurity,IN,Basic,2023-01-17,1188,8358,0,annual,493,4.0,55.6,10.0,Healthy,1,0.2422,0,Low,36162
A-5c9849,Company_362,EdTech,IN,Basic,2024-11-03,532,18109,0,monthly,473,4.0,54.7,0.0,Healthy,0,0.4053,0,Medium,36755
A-a7bd4b,Company_363,Cybersecurity,US,Enterprise,2023-02-15,1159,2499,0,monthly,576,3.25,46.0,10.0,At Risk,1,0.4791,0,Medium,6268
A-d4ac0e,Company_364,DevTools,UK,Basic,2024-04-20,729,5572,0,annual,793,3.5,52.2,10.0,Healthy,0,0.3453,0,Medium,27557
A-ffdfd5,Company_365,EdTech,US,Basic,2024-04-13,736,5970,0,annual,529,4.0,56.5,0.0,Healthy,0,0.2155,0,Low,14322
A-0dbdc6,Company_366,Cybersecurity,DE,Pro,2023-02-12,1162,9950,0,annual,512,5.0,72.8,10.0,Champion,0,0.1845,0,Low,28273
A-7cfe77,Company_367,DevTools,US,Pro,2024-07-10,648,3381,0,monthly,205,3.5,46.3,40.0,At Risk,1,0.492,0,Medium,12765
A-1f0636,Company_368,EdTech,AU,Pro,2024-01-01,839,20895,0,annual,685,3.5,58.8,0.0,Healthy,0,0.2279,0,Low,94710
A-40de06,Company_369,Cybersecurity,US,Enterprise,2023-05-08,1077,5572,0,monthly,902,4.0,65.6,15.0,Healthy,0,0.1972,0,Low,28862
A-cb5333,Company_370,DevTools,US,Pro,2024-03-26,754,6567,0,monthly,796,3.0,51.0,15.0,Healthy,0,0.4597,0,Medium,26256
A-309e54,Company_371,DevTools,US,Pro,2024-12-09,496,11741,0,monthly,509,3.0,46.2,15.0,At Risk,0,0.481,0,Medium,28549
A-6e7827,Company_372,DevTools,US,Basic,2023-03-26,1120,2450,0,monthly,419,3.5,46.6,10.0,At Risk,1,0.4791,0,Medium,8344
A-50bb9f,Company_373,Cybersecurity,US,Pro,2024-07-12,646,6965,0,monthly,276,4.0,50.0,25.0,Healthy,0,0.453,0,Medium,17263
A-5fe118,Company_374,Cybersecurity,US,Enterprise,2024-11-07,528,7761,0,annual,233,4.0,49.7,25.0,At Risk,1,0.4421,0,Medium,22290
A-5247b3,Company_375,FinTech,UK,Pro,2024-03-12,768,3184,1,annual,610,4.0,63.3,0.0,Healthy,0,0.3925,0,Medium,11791
A-f44180,Company_376,Cybersecurity,UK,Pro,2023-02-13,1161,17711,0,annual,520,5.0,70.3,0.0,Champion,0,0.2022,0,Low,28788
A-c16cf7,Company_377,EdTech,US,Pro,2024-10-16,550,4776,1,annual,577,3.5,58.7,0.0,Healthy,0,0.3924,0,Medium,12274
A-d42431,Company_378,FinTech,FR,Enterprise,2024-06-09,679,4378,1,annual,457,4.0,53.0,25.0,Healthy,1,0.429,0,Medium,21160
A-6965e1,Company_379,DevTools,US,Basic,2024-11-25,510,7562,0,annual,627,3.0,48.0,15.0,At Risk,0,0.4787,0,Medium,27765
A-0354fe,Company_380,Cybersecurity,US,Basic,2024-10-22,544,6766,0,annual,463,4.0,59.3,10.0,Healthy,0,0.193,0,Low,15470
A-0a62f5,Company_381,FinTech,UK,Pro,2024-09-11,585,3184,0,annual,244,4.0,56.3,25.0,Healthy,0,0.2576,0,Medium,4861
A-f5641b,Company_382,EdTech,US,Pro,2024-03-30,750,8955,0,monthly,438,3.0,40.9,15.0,At Risk,0,0.5665,1,High,39120
A-b44e3e,Company_383,Cybersecurity,UK,Basic,2024-02-12,797,15721,0,annual,387,4.333333333333333,60.9,0.0,Healthy,0,0.2257,0,Low,43521
A-3b37d9,Company_384,FinTech,US,Enterprise,2023-01-27,1178,4577,0,annual,451,4.5,70.9,0.0,Healthy,0,0.1651,0,Low,19435
A-54d94a,Company_385,Cybersecurity,IN,Basic,2023-05-01,1084,2548,0,annual,582,3.5,51.6,15.0,Healthy,0,0.4528,0,Medium,12557
A-7f29a7,Company_386,Cybersecurity,UK,Basic,2024-09-18,578,8159,1,monthly,619,4.0,59.5,10.0,Healthy,0,0.3946,0,Medium,18860
A-089363,Company_387,FinTech,AU,Basic,2023-05-06,1079,8557,0,annual,628,3.6666666666666665,55.3,0.0,Healthy,1,0.2569,0,Medium,21104
A-524364,Company_388,DevTools,FR,Enterprise,2024-12-31,474,8557,0,monthly,237,4.333333333333333,50.8,35.0,Healthy,0,0.4783,0,Medium,9552
A-855a48,Company_389,EdTech,US,Pro,2023-12-22,849,11940,1,monthly,448,3.6666666666666665,55.1,15.0,Healthy,1,0.4061,0,Medium,30376
A-756192,Company_390,FinTech,IN,Basic,2023-06-11,1043,7761,0,monthly,617,4.0,58.2,10.0,Healthy,0,0.2124,0,Low,21400
A-49b828,Company_391,FinTech,IN,Pro,2023-05-05,1080,9751,0,monthly,687,3.5,46.6,10.0,At Risk,1,0.5757,1,High,31108
A-c7ffc2,Company_392,Cybersecurity,US,Pro,2023-01-27,1178,6468,1,monthly,640,3.0,48.6,0.0,At Risk,0,0.5312,1,High,36112
A-751c58,Company_393,FinTech,UK,Basic,2024-07-18,640,5174,0,monthly,574,4.333333333333333,67.7,0.0,Healthy,0,0.2022,0,Low,19597
A-72799b,Company_394,DevTools,FR,Enterprise,2023-11-13,888,3980,0,monthly,550,4.5,58.4,25.0,Healthy,1,0.4144,0,Medium,17315
A-812c5b,Company_395,DevTools,CA,Basic,2024-02-25,784,10945,0,monthly,866,4.0,68.9,0.0,Healthy,0,0.1845,0,Low,29884
A-69b156,Company_396,EdTech,US,Pro,2023-11-21,880,5572,0,monthly,360,4.0,55.9,50.0,Healthy,0,0.2775,0,Medium,14293
A-075038,Company_397,HealthTech,UK,Basic,2023-05-12,1073,5047,0,annual,743,3.0,50.4,0.0,Healthy,1,0.4833,0,Medium,18909
A-940b8b,Company_398,HealthTech,DE,Basic,2024-03-19,761,6368,0,annual,362,4.0,51.1,50.0,Healthy,1,0.485,0,Medium,9640
A-2d1036,Company_399,FinTech,US,Pro,2024-06-14,674,13731,0,annual,692,4.6,61.7,25.0,Healthy,1,0.384,0,Medium,64653
A-0f6450,Company_400,FinTech,US,Pro,2024-12-27,478,5572,1,monthly,539,3.8333333333333335,48.4,10.0,At Risk,1,0.5911,1,High,23800
A-9affe6,Company_401,Cybersecurity,US,Pro,2023-03-22,1124,1421,0,monthly,473,3.0,44.0,0.0,At Risk,0,0.4907,0,Medium,10636
A-80eeb6,Company_402,Cybersecurity,UK,Enterprise,2023-05-09,1076,17711,0,annual,725,3.6666666666666665,50.2,25.0,Healthy,1,0.5791,1,High,68489
A-d4e0d4,Company_403,FinTech,US,Basic,2024-10-18,548,23283,0,monthly,488,4.0,54.1,25.0,Healthy,1,0.3006,0,Medium,138060
A-c7e58b,Company_404,HealthTech,IN,Pro,2023-06-25,1029,1990,0,annual,343,3.5,51.4,25.0,Healthy,0,0.4238,0,Medium,5384
A-016043,Company_405,EdTech,CA,Basic,2024-07-31,627,4776,1,annual,490,4.0,55.7,0.0,Healthy,1,0.414,0,Medium,16516
A-bbe56f,Company_406,HealthTech,US,Enterprise,2023-02-16,1158,4179,0,annual,232,4.0,52.4,25.0,Healthy,0,0.3092,0,Medium,6025
A-7c5768,Company_407,HealthTech,UK,Enterprise,2024-03-02,778,1178,0,annual,461,4.0,55.6,10.0,Healthy,0,0.249,0,Low,3389
A-751bd4,Company_408,Cybersecurity,UK,Pro,2024-07-12,646,190,0,annual,92,4.25,50.6,25.0,Healthy,1,0.5302,1,High,190
A-4e0e85,Company_409,DevTools,US,Enterprise,2023-09-08,954,1862,0,monthly,288,5.0,64.4,25.0,Healthy,0,0.1841,0,Low,4544
A-ad3abd,Company_410,FinTech,US,Pro,2023-03-03,1143,8756,0,monthly,296,3.0,42.4,25.0,At Risk,1,0.4892,0,Medium,16896
A-e19ff6,Company_411,Cybersecurity,UK,Enterprise,2023-07-28,996,1960,0,monthly,456,4.666666666666667,60.7,0.0,Healthy,0,0.2054,0,Low,4910
A-7920cc,Company_412,Cybersecurity,FR,Pro,2023-11-23,878,13731,0,annual,601,4.333333333333333,62.5,0.0,Healthy,0,0.195,0,Low,52089
A-5a92e7,Company_413,HealthTech,US,Pro,2024-06-11,677,2107,0,monthly,885,4.4,58.1,10.0,Healthy,0,0.1821,0,Low,12671
A-fdfc91,Company_414,Cybersecurity,US,Basic,2023-05-06,1079,9353,0,annual,564,3.6666666666666665,61.3,0.0,Healthy,0,0.1682,0,Low,20612
A-1e50e0,Company_415,Cybersecurity,DE,Pro,2023-02-21,1153,4802,1,annual,194,5.0,57.0,35.0,Healthy,1,0.5156,1,High,13295
A-1e1b80,Company_416,FinTech,CA,Enterprise,2023-09-12,950,9950,0,annual,682,3.2,48.8,10.0,At Risk,1,0.4759,0,Medium,48647
A-659280,Company_417,FinTech,IN,Enterprise,2023-11-17,884,6169,1,annual,613,4.333333333333333,67.9,10.0,Healthy,0,0.3643,0,Medium,21450
A-f6b2fb,Company_418,DevTools,AU,Basic,2024-04-23,726,9751,0,monthly,524,4.0,54.0,25.0,Healthy,1,0.4476,0,Medium,23359
A-cb6cc6,Company_419,DevTools,US,Basic,2023-04-03,1112,1225,1,annual,314,3.5,46.8,35.0,At Risk,1,0.5431,1,High,2622
A-d62e02,Company_420,Cybersecurity,US,Pro,2024-08-20,607,5373,0,monthly,344,4.0,51.3,50.0,Healthy,1,0.4695,0,Medium,21324
A-d535f6,Company_421,DevTools,US,Basic,2024-09-03,593,2388,1,monthly,477,4.0,58.2,25.0,Healthy,1,0.3638,0,Medium,7415
A-39868b,Company_422,FinTech,AU,Pro,2024-03-17,763,1791,0,annual,305,4.25,55.6,35.0,Healthy,0,0.2738,0,Medium,4194
A-3cc791,Company_423,EdTech,US,Enterprise,2024-01-10,830,4378,0,monthly,447,4.25,53.6,10.0,Healthy,1,0.3753,0,Medium,8522
A-337bc1,Company_424,Cybersecurity,US,Pro,2023-07-19,1005,6766,1,annual,425,4.0,50.5,25.0,Healthy,1,0.5998,1,High,19379
A-58b9ff,Company_425,DevTools,IN,Enterprise,2024-05-31,688,15124,0,monthly,667,4.0,55.7,15.0,Healthy,1,0.4026,0,Medium,22642
A-bf7919,Company_426,HealthTech,US,Pro,2024-11-27,508,735,0,annual,262,5.0,65.7,25.0,Healthy,0,0.1737,0,Low,1560
A-1d5444,Company_427,Cybersecurity,US,Basic,2024-01-18,822,8159,0,annual,592,4.0,56.3,10.0,Healthy,0,0.2228,0,Low,30958
A-0f3e88,Company_428,HealthTech,US,Basic,2023-07-23,1001,2189,0,monthly,598,4.5,66.2,0.0,Healthy,0,0.1651,0,Low,5624
A-7641d3,Company_429,EdTech,US,Pro,2023-02-16,1158,2989,1,annual,519,4.333333333333333,50.9,15.0,Healthy,0,0.5782,1,High,12060
A-cd458b,Company_430,DevTools,US,Basic,2024-06-15,673,9353,1,monthly,864,4.6,71.6,15.0,Champion,0,0.3496,0,Medium,43291
A-c16b88,Company_431,HealthTech,US,Enterprise,2023-12-02,869,8955,0,monthly,457,3.0,44.8,0.0,At Risk,0,0.4791,0,Medium,20338
A-59f724,Company_432,HealthTech,US,Enterprise,2023-11-03,898,4378,1,annual,696,4.25,60.6,10.0,Healthy,0,0.3878,0,Medium,9773
A-87aa7b,Company_433,HealthTech,US,Pro,2024-05-16,703,4776,1,monthly,742,4.0,56.9,15.0,Healthy,1,0.4548,0,Medium,22881
A-1e6fc3,Company_434,EdTech,FR,Pro,2023-12-06,865,245,0,annual,244,3.6666666666666665,45.6,35.0,At Risk,1,0.4702,0,Medium,444
A-39ddf4,Company_435,EdTech,US,Enterprise,2024-12-05,500,7960,0,annual,455,4.25,53.9,10.0,Healthy,1,0.2666,0,Medium,35836
A-34ea2f,Company_436,HealthTech,US,Enterprise,2024-08-15,612,4179,0,annual,550,3.8,54.0,0.0,Healthy,1,0.2731,0,Medium,14583
A-716841,Company_437,FinTech,US,Pro,2024-05-06,713,8955,0,annual,344,4.0,54.0,25.0,Healthy,0,0.2554,0,Medium,26234
A-558c72,Company_438,FinTech,US,Basic,2023-06-01,1053,2985,0,annual,296,4.5,56.5,25.0,Healthy,0,0.3626,0,Medium,9171
A-b11cd0,Company_439,DevTools,US,Pro,2023-01-20,1185,1764,1,monthly,278,4.0,51.5,35.0,Healthy,1,0.5133,1,High,4806
A-cc1d8d,Company_440,FinTech,US,Pro,2024-12-08,497,1596,0,annual,618,4.5,61.5,25.0,Healthy,0,0.2293,0,Low,8947
A-7f4db3,Company_441,FinTech,US,Pro,2023-03-05,1141,8955,0,annual,844,3.25,48.9,15.0,At Risk,1,0.5445,1,High,26276
A-db5e9e,Company_442,DevTools,US,Basic,2024-11-09,526,3383,0,annual,586,5.0,74.1,15.0,Champion,0,0.1972,0,Low,9251
A-cc102e,Company_443,HealthTech,US,Enterprise,2024-04-15,734,2985,0,annual,394,4.333333333333333,52.6,10.0,Healthy,1,0.3039,0,Medium,10063
A-82d8a6,Company_444,Cybersecurity,UK,Basic,2024-11-28,507,13532,0,annual,661,3.5,54.4,25.0,Healthy,0,0.3301,0,Medium,27966
A-dec005,Company_445,HealthTech,US,Pro,2023-10-13,919,10746,0,monthly,475,3.0,38.4,10.0,At Risk,1,0.5036,1,High,30744
A-5790f4,Company_446,FinTech,UK,Pro,2024-12-22,483,12537,1,monthly,321,4.0,48.3,35.0,At Risk,1,0.6096,1,High,18926
A-7c83a1,Company_447,Cybersecurity,US,Pro,2024-05-06,713,5174,0,annual,632,4.0,62.2,15.0,Healthy,0,0.2077,0,Low,16731
A-297a2d,Company_448,HealthTech,UK,Pro,2023-05-05,1080,7164,0,annual,244,3.0,36.5,35.0,At Risk,1,0.534,1,High,14373
A-4c56c9,Company_449,FinTech,US,Enterprise,2023-12-20,851,9751,0,annual,623,3.75,54.9,10.0,Healthy,0,0.2375,0,Low,30471
A-cbbe12,Company_450,Cybersecurity,DE,Enterprise,2023-03-22,1124,7960,0,monthly,178,4.25,51.9,50.0,Healthy,0,0.3798,0,Medium,13081
A-4a267b,Company_451,FinTech,US,Pro,2024-05-05,714,12537,0,monthly,498,4.333333333333333,61.4,15.0,Healthy,1,0.2207,0,Low,29687
A-bcbe98,Company_452,Cybersecurity,US,Enterprise,2024-07-29,629,9154,0,annual,635,4.0,52.0,25.0,Healthy,0,0.4543,0,Medium,21666
A-427b69,Company_453,FinTech,US,Basic,2024-08-23,604,6766,0,annual,698,3.0,53.0,0.0,Healthy,0,0.2813,0,Medium,19958
A-0be015,Company_454,FinTech,US,Pro,2024-10-15,551,456,0,monthly,297,4.2,51.9,25.0,Healthy,0,0.4241,0,Medium,1178
A-054577,Company_455,EdTech,UK,Basic,2024-04-28,721,16915,0,monthly,833,4.0,61.4,25.0,Healthy,0,0.2819,0,Medium,44601
A-bc87bc,Company_456,FinTech,US,Pro,2024-07-17,641,6169,0,annual,394,3.75,58.5,0.0,Healthy,0,0.1821,0,Low,12032
A-0f7d77,Company_457,FinTech,IN,Pro,2024-10-28,538,1393,0,monthly,298,5.0,62.0,35.0,Healthy,0,0.2103,0,Low,2326
A-e7beab,Company_458,EdTech,DE,Enterprise,2023-10-20,912,4179,0,monthly,373,4.0,55.3,25.0,Healthy,0,0.2557,0,Medium,11332
A-a09355,Company_459,FinTech,US,Basic,2024-08-10,617,6567,0,annual,788,4.0,59.9,25.0,Healthy,0,0.2184,0,Low,34140
A-31ab9a,Company_460,FinTech,DE,Pro,2024-03-03,777,5771,0,monthly,340,3.5,46.6,35.0,At Risk,1,0.4993,0,Medium,15802
A-0158bb,Company_461,FinTech,DE,Basic,2024-05-22,697,2205,0,monthly,364,3.0,43.0,35.0,At Risk,0,0.5348,1,High,4070
A-f19b24,Company_462,Cybersecurity,US,Pro,2023-01-10,1195,1421,1,monthly,119,4.0,43.9,35.0,At Risk,1,0.5964,1,High,2523
A-798a3f,Company_463,DevTools,FR,Enterprise,2023-10-19,913,5174,0,monthly,352,4.0,52.6,25.0,Healthy,0,0.3286,0,Medium,14152
A-42b791,Company_464,FinTech,AU,Pro,2024-05-20,699,14925,0,annual,312,4.0,56.6,25.0,Healthy,0,0.2142,0,Low,19060
A-068fc6,Company_465,EdTech,US,Enterprise,2023-07-17,1007,6965,0,monthly,598,4.333333333333333,67.2,0.0,Healthy,0,0.1806,0,Low,29085
A-6f50ae,Company_466,FinTech,US,Pro,2023-09-21,941,9950,0,monthly,811,4.5,68.2,25.0,Healthy,0,0.2058,0,Low,26608
A-a2485e,Company_467,FinTech,US,Pro,2024-08-04,623,3383,1,annual,317,4.0,53.3,40.0,Healthy,1,0.4642,0,Medium,8775
A-bb1eaa,Company_468,Cybersecurity,US,Basic,2024-06-11,677,4179,0,annual,164,4.5,55.4,40.0,Healthy,0,0.2731,0,Medium,10381
A-cc98bc,Company_469,DevTools,US,Basic,2023-05-24,1061,6368,0,annual,551,4.0,63.1,0.0,Healthy,0,0.1755,0,Low,21567
A-d77f4c,Company_470,DevTools,US,Pro,2023-09-25,937,18706,1,monthly,617,4.0,59.4,15.0,Healthy,0,0.373,0,Medium,48726
A-ccabf0,Company_471,HealthTech,IN,Pro,2023-11-06,895,11741,0,annual,506,3.6666666666666665,54.8,25.0,Healthy,0,0.2918,0,Medium,22379
A-700ade,Company_472,Cybersecurity,UK,Enterprise,2024-10-31,535,9552,1,annual,284,4.666666666666667,59.4,35.0,Healthy,0,0.4558,0,Medium,16875
A-4a4c2d,Company_473,DevTools,US,Enterprise,2023-05-02,1083,10746,0,monthly,587,4.25,62.1,25.0,Healthy,0,0.2156,0,Low,33966
A-b7ef83,Company_474,Cybersecurity,UK,Pro,2024-05-29,690,8955,1,monthly,738,4.0,59.0,0.0,Healthy,1,0.4055,0,Medium,35868
A-e08cd3,Company_475,FinTech,US,Pro,2024-09-21,575,13333,1,monthly,432,4.0,59.2,15.0,Healthy,1,0.3621,0,Medium,71020
A-19b2c8,Company_476,DevTools,IN,Pro,2023-06-06,1048,5572,0,monthly,601,4.666666666666667,66.8,10.0,Healthy,0,0.1845,0,Low,26703
A-970c97,Company_477,HealthTech,DE,Enterprise,2024-03-01,779,5572,0,monthly,444,5.0,67.8,15.0,Healthy,1,0.2166,0,Low,15381
A-6dee43,Company_478,FinTech,UK,Basic,2023-08-12,981,15920,1,annual,461,4.333333333333333,63.4,0.0,Healthy,1,0.3925,0,Medium,22770
A-5ed98d,Company_479,DevTools,US,Basic,2024-06-22,666,4776,0,monthly,312,5.0,66.0,35.0,Healthy,0,0.1967,0,Low,15478
A-c58f49,Company_480,EdTech,US,Enterprise,2024-07-31,627,13930,1,monthly,363,5.0,61.3,35.0,Healthy,1,0.5382,1,High,70980
A-9c18c4,Company_481,HealthTech,US,Pro,2023-07-27,997,3781,0,annual,556,4.0,56.5,10.0,Healthy,0,0.2113,0,Low,17823
A-cc8c8f,Company_482,DevTools,US,Enterprise,2024-06-16,672,5572,0,annual,268,3.5,44.4,50.0,At Risk,1,0.5036,1,High,15600
A-5f7781,Company_483,DevTools,US,Pro,2024-08-20,607,4378,0,monthly,183,4.0,50.6,35.0,Healthy,0,0.4673,0,Medium,10252
A-e1b9cd,Company_484,DevTools,US,Pro,2023-02-26,1148,7960,0,monthly,840,3.0,48.8,25.0,At Risk,0,0.4468,0,Medium,37042
A-ac85cd,Company_485,EdTech,US,Enterprise,2024-07-31,627,12139,0,annual,634,3.5,57.7,15.0,Healthy,0,0.2406,0,Low,41267
A-d792a6,Company_486,DevTools,US,Enterprise,2023-01-23,1182,12935,0,annual,690,4.0,57.5,25.0,Healthy,0,0.2337,0,Low,23049
A-ac9111,Company_487,HealthTech,US,Pro,2023-08-12,981,6368,1,monthly,808,5.0,74.9,25.0,Champion,0,0.3597,0,Medium,26626
A-18793f,Company_488,EdTech,US,Basic,2024-12-18,487,29452,1,monthly,486,3.8,56.7,0.0,Healthy,1,0.4074,0,Medium,78588
A-9f0b68,Company_489,EdTech,US,Basic,2024-04-28,721,6766,0,monthly,709,3.0,55.7,15.0,Healthy,1,0.2568,0,Medium,28518
A-d3c88e,Company_490,DevTools,US,Pro,2024-10-18,548,9353,0,annual,644,4.0,54.2,10.0,Healthy,0,0.2731,0,Medium,26183
A-ccb686,Company_491,DevTools,US,Basic,2024-01-22,818,10547,0,monthly,721,4.0,58.4,25.0,Healthy,0,0.2337,0,Low,21541
A-118f1c,Company_492,Cybersecurity,US,Pro,2024-10-31,535,25472,0,monthly,369,3.0,41.9,25.0,At Risk,1,0.4879,0,Medium,52160
A-0e966d,Company_493,FinTech,IN,Basic,2024-06-25,663,4577,0,annual,636,4.5,64.0,0.0,Healthy,0,0.3487,0,Medium,12445
A-b9f5b1,Company_494,Cybersecurity,US,Pro,2023-01-24,1181,2985,1,annual,307,3.3333333333333335,39.9,25.0,At Risk,1,0.6197,1,High,7072
A-8ae3fc,Company_495,DevTools,CA,Pro,2024-06-28,660,1666,0,monthly,402,3.5,46.4,10.0,At Risk,1,0.479,0,Medium,4447
A-55f257,Company_496,FinTech,US,Basic,2023-12-21,850,4577,0,annual,476,5.0,70.1,0.0,Healthy,0,0.1651,0,Low,12137
A-d26ab4,Company_497,DevTools,UK,Basic,2024-11-07,528,6567,0,monthly,458,4.0,54.0,15.0,Healthy,0,0.3138,0,Medium,16613
A-712533,Company_498,EdTech,US,Pro,2023-07-31,993,3582,0,annual,571,3.75,52.6,10.0,Healthy,0,0.3083,0,Medium,19382
A-781cc0,Company_499,EdTech,US,Pro,2024-09-04,592,4378,0,annual,864,3.6666666666666665,67.4,0.0,Healthy,0,0.1806,0,Low,18315
